2025-10-17 00:41:54,631 INFO workpay: App gestartet (v?)
2025-10-19 07:26:49,605 INFO workpay: App gestartet (v?)
2025-10-19 07:33:12,959 INFO workpay: App gestartet (v?)
2025-10-19 07:48:19,741 INFO workpay: App gestartet (v?)
2025-10-19 08:56:37,071 INFO workpay: App gestartet (v?)
2025-10-19 08:57:10,288 INFO workpay: App gestartet (v?)
2025-10-19 08:58:21,384 INFO workpay: App gestartet (v?)
2025-10-19 09:03:10,818 INFO workpay: App gestartet (v?)
2025-10-19 09:06:52,432 INFO workpay: App gestartet (v?)
2025-10-19 09:19:14,617 INFO workpay: App gestartet (v?)
2025-10-19 09:19:42,716 INFO workpay: App gestartet (v?)
2025-10-19 09:20:19,536 INFO workpay: App gestartet (v?)
2025-10-19 09:21:35,160 INFO workpay: App gestartet (v?)
2025-10-19 09:36:02,261 INFO workpay: App gestartet (v?)
2025-10-19 09:36:13,656 INFO workpay: App gestartet (v?)
2025-10-19 09:38:40,743 INFO workpay: App gestartet (v?)
2025-10-19 09:43:54,090 INFO workpay: App gestartet (v?)
2025-10-19 09:44:53,008 INFO workpay: App gestartet (v?)
2025-10-19 10:14:43,210 INFO workpay: App gestartet (v?)
2025-10-19 10:15:24,290 INFO workpay: App gestartet (v?)
2025-10-19 10:15:55,653 INFO workpay: App gestartet (v?)
2025-10-19 10:35:37,774 INFO workpay: App gestartet (v?)
2025-10-19 10:37:02,045 INFO workpay: App gestartet (v?)
2025-10-19 10:37:30,317 INFO workpay: App gestartet (v?)
2025-10-19 10:38:43,730 INFO workpay: App gestartet (v?)
2025-10-19 11:25:12,664 INFO workpay: App gestartet (v?)
2025-10-19 11:27:23,422 INFO workpay: App gestartet (v?)
2025-10-19 11:33:48,046 INFO workpay: App gestartet (v?)
2025-10-19 11:35:38,059 INFO workpay: App gestartet (v?)
2025-10-19 11:42:54,344 INFO workpay: App gestartet (v?)
2025-10-19 16:08:11,045 INFO workpay: App gestartet (v?)
2025-10-19 16:14:44,518 INFO workpay: App gestartet (v?)
2025-10-19 16:27:05,818 INFO workpay: App gestartet (v?)
2025-10-19 16:28:22,161 INFO workpay: App gestartet (v?)
2025-10-19 16:33:31,089 INFO workpay: App gestartet (v?)
2025-10-19 16:40:01,717 INFO workpay: App gestartet (v?)
2025-10-19 16:41:11,484 INFO workpay: App gestartet (v?)
2025-10-19 16:41:49,270 INFO workpay: App gestartet (v?)
2025-10-19 16:45:48,587 INFO workpay: App gestartet (v?)
2025-10-19 16:53:17,735 INFO workpay: App gestartet (v?)
2025-10-19 18:32:52,371 INFO workpay: App gestartet (v?)
2025-10-19 18:34:16,400 INFO workpay: App gestartet (v?)
2025-10-19 18:40:34,260 INFO workpay: App gestartet (v?)
2025-10-19 18:41:37,388 INFO workpay: App gestartet (v?)
2025-10-19 21:12:05,705 INFO workpay: App gestartet (v?)
2025-10-19 21:24:10,438 INFO workpay: App gestartet (v?)
2025-10-19 21:25:45,477 INFO workpay: App gestartet (v?)
2025-10-19 21:58:41,690 INFO workpay: App gestartet (v?)
2025-10-19 22:05:58,960 INFO workpay: App gestartet (v?)
2025-10-19 22:07:24,996 INFO workpay: App gestartet (v?)
2025-10-19 22:08:43,772 INFO workpay: App gestartet (v?)
2025-10-19 22:09:23,558 INFO workpay: App gestartet (v?)
2025-10-19 22:14:17,073 INFO workpay: App gestartet (v?)
2025-10-19 22:14:59,817 INFO workpay: App gestartet (v?)
2025-10-19 22:15:30,594 INFO workpay: App gestartet (v?)
2025-10-19 22:27:06,670 INFO workpay: App gestartet (v?)
2025-10-19 22:27:19,602 INFO workpay: App gestartet (v?)
2025-10-19 22:27:27,658 INFO workpay: App gestartet (v?)
2025-10-19 22:29:08,991 INFO workpay: App gestartet (v?)
2025-10-19 22:29:12,190 INFO workpay: App gestartet (v?)
2025-10-19 22:30:26,768 INFO workpay: App gestartet (v?)
2025-10-19 22:30:52,196 INFO workpay: App gestartet (v?)
2025-10-19 22:31:37,066 INFO workpay: App gestartet (v?)
2025-10-19 22:33:45,163 INFO workpay: App gestartet (v?)
2025-10-19 22:38:31,666 INFO workpay: App gestartet (v?)
2025-10-19 22:40:58,131 INFO workpay: App gestartet (v?)
2025-10-19 22:46:27,436 INFO workpay: App gestartet (v?)
2025-10-19 22:48:14,545 INFO workpay: App gestartet (v?)
2025-10-19 22:56:00,538 INFO workpay: App gestartet (v?)
2025-10-19 23:04:32,038 INFO workpay: App gestartet (v?)
2025-10-19 23:05:53,097 INFO workpay.user.1: {"action": "backup.create", "meta": {"file": "E:\\9.0.0.0 PROJEKTE\\0. DEV - PYTHON\\PycharmProjects\\x WorkPay - P1Nky$ W0rk & P@y\\backup.zip"}}
2025-10-19 23:08:49,241 INFO workpay: App gestartet (v?)
2025-10-19 23:09:31,902 INFO workpay.user.1: {"action": "backup.create", "meta": {"file": "E:\\9.0.0.0 PROJEKTE\\0. DEV - PYTHON\\PycharmProjects\\x WorkPay - P1Nky$ W0rk & P@y\\backup.zip"}}
2025-10-19 23:15:02,539 INFO workpay: App gestartet (v?)
2025-10-19 23:17:01,117 INFO workpay: App gestartet (v?)
2025-10-19 23:18:15,296 INFO workpay.user.6: {"action": "profile.save", "meta": {"changed": true}}
2025-10-19 23:37:26,855 INFO workpay: App gestartet (v?)
2025-10-19 23:37:50,569 INFO workpay.user.2: {"action": "profile.save", "meta": {"changed": true}}
2025-10-19 23:40:13,819 INFO workpay.user.2: {"action": "profile.save", "meta": {"changed": true}}
2025-10-19 23:41:41,560 INFO workpay: App gestartet (v?)
2025-10-19 23:41:54,683 INFO workpay.user.1: {"action": "absence.decide", "meta": {"request_id": 1, "approve": true}}
2025-10-19 23:44:05,819 INFO workpay: App gestartet (v?)
2025-10-19 23:44:32,667 INFO workpay.user.2: {"action": "profile.save", "meta": {"changed": true}}
2025-10-19 23:44:40,986 INFO workpay.user.2: {"action": "profile.save", "meta": {"changed": true}}
2025-10-19 23:45:04,190 INFO workpay.user.1: {"action": "absence.decide", "meta": {"request_id": 2, "approve": true}}
2025-10-19 23:46:37,195 INFO workpay.user.1: {"action": "absence.decide", "meta": {"request_id": 4, "approve": true}}
2025-10-19 23:48:48,077 INFO workpay: App gestartet (v?)
2025-10-19 23:51:47,542 INFO workpay: App gestartet (v?)
2025-10-19 23:55:38,759 INFO workpay: App gestartet (v?)
2025-10-19 23:56:25,225 INFO workpay.user.1: {"action": "absence.decide", "meta": {"request_id": 4, "approve": true}}
2025-10-19 23:56:28,699 INFO workpay.user.1: {"action": "absence.decide", "meta": {"request_id": 3, "approve": true}}
2025-10-19 23:56:30,482 INFO workpay.user.1: {"action": "absence.decide", "meta": {"request_id": 2, "approve": true}}
2025-10-19 23:56:32,021 INFO workpay.user.1: {"action": "absence.decide", "meta": {"request_id": 3, "approve": true}}
2025-10-20 00:03:58,461 INFO workpay: App gestartet (v?)
2025-10-20 00:04:13,252 INFO workpay.user.1: {"action": "absence.decide", "meta": {"request_id": 4, "approve": true}}
2025-10-20 00:04:14,703 INFO workpay.user.1: {"action": "absence.decide", "meta": {"request_id": 3, "approve": true}}
2025-10-20 00:04:16,006 INFO workpay.user.1: {"action": "absence.decide", "meta": {"request_id": 2, "approve": true}}
2025-10-20 00:04:17,270 INFO workpay.user.1: {"action": "absence.decide", "meta": {"request_id": 1, "approve": true}}
2025-10-20 00:05:02,490 INFO workpay.user.2: {"action": "payroll.export_pdf", "meta": {"user_id": 2, "from": "2025-10", "to": "2025-11"}}
2025-10-20 00:05:38,372 INFO workpay: App gestartet (v?)
2025-10-20 00:18:24,405 INFO workpay: App gestartet (v?)
2025-10-20 00:26:19,024 INFO workpay: App gestartet (v?)
2025-10-20 00:31:17,110 INFO workpay: App gestartet (v?)
2025-10-20 00:33:20,845 INFO workpay: App gestartet (v?)
2025-10-20 00:36:04,049 INFO workpay.user.1: {"action": "payroll.export_pdf", "meta": {"user_id": 1, "from": "2025-10", "to": "2025-11"}}
2025-10-20 00:36:09,095 INFO workpay.user.1: {"action": "payroll.export_xlsx", "meta": {"user_id": 1, "from": "2025-10", "to": "2025-11"}}
2025-10-20 00:45:40,215 INFO workpay: App gestartet (v?)
2025-10-20 00:46:16,797 INFO workpay: App gestartet (v?)
2025-10-20 00:46:50,860 INFO workpay: App gestartet (v?)
2025-10-20 00:47:45,862 INFO workpay: App gestartet (v?)
2025-10-20 00:48:13,515 INFO workpay: App gestartet (v?)
2025-10-20 00:49:36,338 INFO workpay: App gestartet (v?)
2025-10-20 00:49:53,016 INFO workpay.user.1: {"action": "payroll.export_pdf", "meta": {"user_id": 1, "from": "2025-10", "to": "2025-10"}}
2025-10-20 00:50:02,643 INFO workpay.user.1: {"action": "payroll.export_xlsx", "meta": {"user_id": 1, "from": "2025-10", "to": "2025-10"}}
2025-10-20 00:51:31,077 INFO workpay: App gestartet (v?)
2025-10-20 17:58:44,621 INFO workpay: App gestartet (v?)
2025-10-20 17:59:48,068 INFO workpay.user.1: {"action": "profile.save", "meta": {"changed": true}}
2025-10-20 18:07:18,753 INFO workpay.user.2: {"action": "profile.save", "meta": {"changed": true}}
2025-10-20 18:58:30,218 INFO workpay: App gestartet (v?)
2025-10-20 18:58:47,914 INFO workpay.user.1: {"action": "payroll.lock", "meta": {"user_id": 1, "from": "2025-10-01", "to": "2025-10-31", "locked_month": "2025-10"}}
2025-10-20 18:59:13,785 INFO workpay.user.1: {"action": "payroll.export_pdf", "meta": {"user_id": 1, "file": "E:/9.0.0.0 PROJEKTE/0. DEV - PYTHON/PycharmProjects/x WorkPay - P1Nky$ W0rk & P@y/Abrechnung_Gasic-Simo_erstellt-am-2025-10-20_von_2025-10-01_bis_2025-11-30.pdf"}}
2025-10-20 18:59:55,311 INFO workpay.user.1: {"action": "payroll.unlock", "meta": {"user_id": 1, "from": "2025-10-01", "to": "2025-12-31", "unlocked_month": "2025-10", "reason": ""}}
2025-10-20 19:01:04,289 INFO workpay: App gestartet (v?)
2025-10-20 19:29:41,557 INFO workpay: App gestartet (v?)
2025-10-20 19:55:17,085 INFO workpay: App gestartet (v?)
2025-10-20 21:46:58,299 INFO workpay: App gestartet (v?)
2025-10-20 21:54:10,069 INFO workpay: App gestartet (v?)
2025-10-20 21:54:31,354 INFO workpay: App gestartet (v?)
2025-10-20 23:17:37,772 INFO workpay: App gestartet (v?)
2025-10-20 23:27:19,866 INFO workpay: App gestartet (v?)
2025-10-20 23:35:51,170 INFO workpay: App gestartet (v?)
2025-10-20 23:42:34,886 INFO workpay: App gestartet (v?)
2025-10-21 18:39:24,044 INFO workpay: App gestartet (v?)
2025-10-21 18:46:51,515 INFO workpay: App gestartet (v?)
2025-10-21 19:07:33,888 INFO workpay: App gestartet (v?)
2025-10-21 19:08:11,411 INFO workpay.user.1: {"action": "payroll.export_pdf", "meta": {"user_id": 1, "file": "E:/9.0.0.0 PROJEKTE/0. DEV - PYTHON/PycharmProjects/x WorkPay - P1Nky$ W0rk & P@y/Abrechnung_Gasic-Simo_erstellt-am-2025-10-21_von_2025-10-01_bis_2025-10-31.pdf"}}
2025-10-21 19:08:17,998 INFO workpay.user.1: {"action": "payroll.export_pdf", "meta": {"user_id": 1, "file": "E:/9.0.0.0 PROJEKTE/0. DEV - PYTHON/PycharmProjects/x WorkPay - P1Nky$ W0rk & P@y/Abrechnung_Gasic-Simo_erstellt-am-2025-10-21_von_2025-10-01_bis_2025-11-30.pdf"}}
2025-10-21 19:08:20,494 INFO workpay.user.1: {"action": "payroll.export_xlsx", "meta": {"user_id": 1, "file": "E:/9.0.0.0 PROJEKTE/0. DEV - PYTHON/PycharmProjects/x WorkPay - P1Nky$ W0rk & P@y/Abrechnung_Gasic-Simo_erstellt-am-2025-10-21_von_2025-10-01_bis_2025-11-30.xlsx"}}
2025-10-21 19:08:30,032 INFO workpay.user.1: {"action": "profile.save", "meta": {"changed": true}}
2025-10-21 19:22:29,591 INFO workpay.user.1: {"action": "backup.create", "meta": {"file": "E:\\9.0.0.0 PROJEKTE\\0. DEV - PYTHON\\PycharmProjects\\x WorkPay - P1Nky$ W0rk & P@y\\backup.zip"}}
2025-10-21 20:38:14,704 INFO workpay: App gestartet (v?)
2025-10-21 20:43:33,330 INFO workpay: App gestartet (v?)
2025-10-21 20:56:38,840 INFO workpay.user.1: {"action": "profile.save", "meta": {"changed": true}}
2025-10-21 20:57:57,927 INFO workpay.user.1: {"action": "profile.save", "meta": {"changed": true}}
2025-10-21 21:36:48,994 INFO workpay: App gestartet (v?)
2025-10-21 21:41:13,903 INFO workpay: App gestartet (v?)
2025-10-21 21:41:45,253 INFO workpay.user.1: {"action": "payroll.lock", "meta": {"user_id": 1, "from": "2025-10-01", "to": "2025-10-31", "locked_month": "2025-10"}}
2025-10-21 21:48:04,576 INFO workpay: App gestartet (v?)
2025-10-21 21:57:08,149 INFO workpay: App gestartet (v?)
2025-10-21 21:57:46,968 INFO workpay.user.1: {"action": "payroll.export_pdf", "meta": {"user_id": 1, "file": "E:/9.0.0.0 PROJEKTE/0. DEV - PYTHON/PycharmProjects/x WorkPay - P1Nky$ W0rk & P@y/Abrechnung_Gasic-Simo_erstellt-am-2025-10-21_von_2025-10-01_bis_2025-11-30.pdf"}}
2025-10-21 21:59:24,301 INFO workpay: App gestartet (v?)
2025-10-21 22:18:12,507 INFO workpay: App gestartet (v?)
2025-10-21 22:18:17,513 INFO matplotlib.category: Using categorical units to plot a list of strings that are all parsable as floats or dates. If these strings should be plotted as numbers, cast to the appropriate data type before plotting.
2025-10-21 22:18:17,514 INFO matplotlib.category: Using categorical units to plot a list of strings that are all parsable as floats or dates. If these strings should be plotted as numbers, cast to the appropriate data type before plotting.
2025-10-21 22:18:42,596 INFO matplotlib.category: Using categorical units to plot a list of strings that are all parsable as floats or dates. If these strings should be plotted as numbers, cast to the appropriate data type before plotting.
2025-10-21 22:18:42,596 INFO matplotlib.category: Using categorical units to plot a list of strings that are all parsable as floats or dates. If these strings should be plotted as numbers, cast to the appropriate data type before plotting.
2025-10-21 22:18:56,082 INFO matplotlib.category: Using categorical units to plot a list of strings that are all parsable as floats or dates. If these strings should be plotted as numbers, cast to the appropriate data type before plotting.
2025-10-21 22:18:56,083 INFO matplotlib.category: Using categorical units to plot a list of strings that are all parsable as floats or dates. If these strings should be plotted as numbers, cast to the appropriate data type before plotting.
2025-10-21 22:19:42,274 INFO matplotlib.category: Using categorical units to plot a list of strings that are all parsable as floats or dates. If these strings should be plotted as numbers, cast to the appropriate data type before plotting.
2025-10-21 22:19:42,274 INFO matplotlib.category: Using categorical units to plot a list of strings that are all parsable as floats or dates. If these strings should be plotted as numbers, cast to the appropriate data type before plotting.
2025-10-21 22:19:49,953 INFO matplotlib.category: Using categorical units to plot a list of strings that are all parsable as floats or dates. If these strings should be plotted as numbers, cast to the appropriate data type before plotting.
2025-10-21 22:19:49,953 INFO matplotlib.category: Using categorical units to plot a list of strings that are all parsable as floats or dates. If these strings should be plotted as numbers, cast to the appropriate data type before plotting.
2025-10-21 22:27:58,339 INFO workpay: App gestartet (v?)
2025-10-21 22:28:02,324 INFO matplotlib.category: Using categorical units to plot a list of strings that are all parsable as floats or dates. If these strings should be plotted as numbers, cast to the appropriate data type before plotting.
2025-10-21 22:28:02,324 INFO matplotlib.category: Using categorical units to plot a list of strings that are all parsable as floats or dates. If these strings should be plotted as numbers, cast to the appropriate data type before plotting.
2025-10-21 22:30:13,619 INFO matplotlib.category: Using categorical units to plot a list of strings that are all parsable as floats or dates. If these strings should be plotted as numbers, cast to the appropriate data type before plotting.
2025-10-21 22:30:13,619 INFO matplotlib.category: Using categorical units to plot a list of strings that are all parsable as floats or dates. If these strings should be plotted as numbers, cast to the appropriate data type before plotting.
2025-10-21 22:30:36,853 INFO matplotlib.category: Using categorical units to plot a list of strings that are all parsable as floats or dates. If these strings should be plotted as numbers, cast to the appropriate data type before plotting.
2025-10-21 22:30:36,853 INFO matplotlib.category: Using categorical units to plot a list of strings that are all parsable as floats or dates. If these strings should be plotted as numbers, cast to the appropriate data type before plotting.
2025-10-21 22:32:19,797 INFO workpay: App gestartet (v?)
2025-10-21 22:32:23,350 INFO matplotlib.category: Using categorical units to plot a list of strings that are all parsable as floats or dates. If these strings should be plotted as numbers, cast to the appropriate data type before plotting.
2025-10-21 22:32:23,351 INFO matplotlib.category: Using categorical units to plot a list of strings that are all parsable as floats or dates. If these strings should be plotted as numbers, cast to the appropriate data type before plotting.
2025-10-21 22:36:47,657 INFO workpay.user.1: {"action": "absence.decide", "meta": {"request_id": 5, "approve": true}}
2025-10-21 22:42:12,447 INFO workpay.user.1: {"action": "payroll.export_pdf", "meta": {"user_id": 1, "file": "E:/9.0.0.0 PROJEKTE/0. DEV - PYTHON/PycharmProjects/x WorkPay - P1Nky$ W0rk & P@y/Abrechnung_Gasic-Simo_erstellt-am-2025-10-21_von_2025-10-01_bis_2025-11-30.pdf"}}
2025-10-21 22:42:15,060 INFO workpay.user.1: {"action": "payroll.export_xlsx", "meta": {"user_id": 1, "file": "E:/9.0.0.0 PROJEKTE/0. DEV - PYTHON/PycharmProjects/x WorkPay - P1Nky$ W0rk & P@y/Abrechnung_Gasic-Simo_erstellt-am-2025-10-21_von_2025-10-01_bis_2025-11-30.xlsx"}}
2025-10-21 22:42:18,591 INFO workpay.user.1: {"action": "payroll.unlock", "meta": {"user_id": 1, "from": "2025-10-01", "to": "2025-11-30", "unlocked_month": "2025-10", "reason": ""}}
2025-10-21 22:42:36,428 INFO workpay.user.1: {"action": "profile.save", "meta": {"changed": true}}
2025-10-21 23:08:01,645 INFO workpay: App gestartet (v?)
2025-10-21 23:08:06,821 INFO matplotlib.category: Using categorical units to plot a list of strings that are all parsable as floats or dates. If these strings should be plotted as numbers, cast to the appropriate data type before plotting.
2025-10-21 23:08:06,822 INFO matplotlib.category: Using categorical units to plot a list of strings that are all parsable as floats or dates. If these strings should be plotted as numbers, cast to the appropriate data type before plotting.
2025-10-21 23:08:18,281 INFO matplotlib.category: Using categorical units to plot a list of strings that are all parsable as floats or dates. If these strings should be plotted as numbers, cast to the appropriate data type before plotting.
2025-10-21 23:08:18,281 INFO matplotlib.category: Using categorical units to plot a list of strings that are all parsable as floats or dates. If these strings should be plotted as numbers, cast to the appropriate data type before plotting.
2025-10-21 23:11:17,036 INFO workpay.user.1: {"action": "profile.save", "meta": {"changed": true}}
2025-10-21 23:11:43,806 INFO workpay: App gestartet (v?)
2025-10-21 23:11:47,985 INFO matplotlib.category: Using categorical units to plot a list of strings that are all parsable as floats or dates. If these strings should be plotted as numbers, cast to the appropriate data type before plotting.
2025-10-21 23:11:47,986 INFO matplotlib.category: Using categorical units to plot a list of strings that are all parsable as floats or dates. If these strings should be plotted as numbers, cast to the appropriate data type before plotting.
2025-10-21 23:11:52,175 INFO workpay: App gestartet (v?)
2025-10-21 23:12:11,207 INFO workpay: App gestartet (v?)
2025-10-21 23:12:14,947 INFO matplotlib.category: Using categorical units to plot a list of strings that are all parsable as floats or dates. If these strings should be plotted as numbers, cast to the appropriate data type before plotting.
2025-10-21 23:12:14,947 INFO matplotlib.category: Using categorical units to plot a list of strings that are all parsable as floats or dates. If these strings should be plotted as numbers, cast to the appropriate data type before plotting.
2025-10-21 23:21:10,974 INFO matplotlib.category: Using categorical units to plot a list of strings that are all parsable as floats or dates. If these strings should be plotted as numbers, cast to the appropriate data type before plotting.
2025-10-21 23:21:10,974 INFO matplotlib.category: Using categorical units to plot a list of strings that are all parsable as floats or dates. If these strings should be plotted as numbers, cast to the appropriate data type before plotting.
2025-10-21 23:28:07,348 INFO workpay: App gestartet (v?)
2025-10-21 23:28:11,191 INFO matplotlib.category: Using categorical units to plot a list of strings that are all parsable as floats or dates. If these strings should be plotted as numbers, cast to the appropriate data type before plotting.
2025-10-21 23:28:11,191 INFO matplotlib.category: Using categorical units to plot a list of strings that are all parsable as floats or dates. If these strings should be plotted as numbers, cast to the appropriate data type before plotting.
2025-10-21 23:32:03,879 INFO workpay: App gestartet (v?)
2025-10-21 23:32:29,772 INFO matplotlib.category: Using categorical units to plot a list of strings that are all parsable as floats or dates. If these strings should be plotted as numbers, cast to the appropriate data type before plotting.
2025-10-21 23:32:29,772 INFO matplotlib.category: Using categorical units to plot a list of strings that are all parsable as floats or dates. If these strings should be plotted as numbers, cast to the appropriate data type before plotting.
2025-10-21 23:33:03,940 INFO workpay.user.1: {"action": "payroll.export_pdf", "meta": {"user_id": 1, "file": "E:/9.0.0.0 PROJEKTE/0. DEV - PYTHON/PycharmProjects/x WorkPay - P1Nky$ W0rk & P@y/Abrechnung_Gasic-Simo_erstellt-am-2025-10-21_von_2025-10-01_bis_2025-10-31.pdf"}}
2025-10-21 23:43:01,589 INFO workpay: App gestartet (v?)
2025-10-21 23:48:06,703 INFO workpay: App gestartet (v?)
2025-10-21 23:51:24,127 INFO workpay.user.8: {"action": "profile.save", "meta": {"changed": true}}
2025-10-22 00:00:34,338 INFO workpay: App gestartet (v?)
2025-10-22 00:00:38,708 INFO matplotlib.category: Using categorical units to plot a list of strings that are all parsable as floats or dates. If these strings should be plotted as numbers, cast to the appropriate data type before plotting.
2025-10-22 00:00:38,708 INFO matplotlib.category: Using categorical units to plot a list of strings that are all parsable as floats or dates. If these strings should be plotted as numbers, cast to the appropriate data type before plotting.
2025-10-22 00:00:51,290 INFO workpay.user.1: {"action": "profile.save", "meta": {"changed": true}}
2025-10-22 00:01:17,102 INFO matplotlib.category: Using categorical units to plot a list of strings that are all parsable as floats or dates. If these strings should be plotted as numbers, cast to the appropriate data type before plotting.
2025-10-22 00:01:17,102 INFO matplotlib.category: Using categorical units to plot a list of strings that are all parsable as floats or dates. If these strings should be plotted as numbers, cast to the appropriate data type before plotting.
2025-10-22 00:01:20,935 INFO matplotlib.category: Using categorical units to plot a list of strings that are all parsable as floats or dates. If these strings should be plotted as numbers, cast to the appropriate data type before plotting.
2025-10-22 00:01:20,935 INFO matplotlib.category: Using categorical units to plot a list of strings that are all parsable as floats or dates. If these strings should be plotted as numbers, cast to the appropriate data type before plotting.
2025-10-22 00:01:37,936 INFO workpay: App gestartet (v?)
2025-10-22 00:17:04,562 INFO workpay: App gestartet (v?)
2025-10-22 00:17:25,356 INFO matplotlib.category: Using categorical units to plot a list of strings that are all parsable as floats or dates. If these strings should be plotted as numbers, cast to the appropriate data type before plotting.
2025-10-22 00:17:25,357 INFO matplotlib.category: Using categorical units to plot a list of strings that are all parsable as floats or dates. If these strings should be plotted as numbers, cast to the appropriate data type before plotting.
2025-10-22 00:17:53,363 INFO matplotlib.category: Using categorical units to plot a list of strings that are all parsable as floats or dates. If these strings should be plotted as numbers, cast to the appropriate data type before plotting.
2025-10-22 00:17:53,364 INFO matplotlib.category: Using categorical units to plot a list of strings that are all parsable as floats or dates. If these strings should be plotted as numbers, cast to the appropriate data type before plotting.
2025-10-22 00:17:57,013 INFO matplotlib.category: Using categorical units to plot a list of strings that are all parsable as floats or dates. If these strings should be plotted as numbers, cast to the appropriate data type before plotting.
2025-10-22 00:17:57,013 INFO matplotlib.category: Using categorical units to plot a list of strings that are all parsable as floats or dates. If these strings should be plotted as numbers, cast to the appropriate data type before plotting.
2025-10-22 00:17:57,067 INFO matplotlib.category: Using categorical units to plot a list of strings that are all parsable as floats or dates. If these strings should be plotted as numbers, cast to the appropriate data type before plotting.
2025-10-22 00:17:57,067 INFO matplotlib.category: Using categorical units to plot a list of strings that are all parsable as floats or dates. If these strings should be plotted as numbers, cast to the appropriate data type before plotting.
2025-10-22 00:17:57,646 INFO matplotlib.category: Using categorical units to plot a list of strings that are all parsable as floats or dates. If these strings should be plotted as numbers, cast to the appropriate data type before plotting.
2025-10-22 00:17:57,647 INFO matplotlib.category: Using categorical units to plot a list of strings that are all parsable as floats or dates. If these strings should be plotted as numbers, cast to the appropriate data type before plotting.
2025-10-22 00:17:57,703 INFO matplotlib.category: Using categorical units to plot a list of strings that are all parsable as floats or dates. If these strings should be plotted as numbers, cast to the appropriate data type before plotting.
2025-10-22 00:17:57,703 INFO matplotlib.category: Using categorical units to plot a list of strings that are all parsable as floats or dates. If these strings should be plotted as numbers, cast to the appropriate data type before plotting.
2025-10-22 20:00:37,952 INFO workpay: App gestartet (v?)
2025-10-22 20:00:43,007 INFO matplotlib.category: Using categorical units to plot a list of strings that are all parsable as floats or dates. If these strings should be plotted as numbers, cast to the appropriate data type before plotting.
2025-10-22 20:00:43,007 INFO matplotlib.category: Using categorical units to plot a list of strings that are all parsable as floats or dates. If these strings should be plotted as numbers, cast to the appropriate data type before plotting.
2025-10-22 20:06:31,646 INFO workpay: App gestartet (v?)
2025-10-22 20:06:42,829 INFO matplotlib.category: Using categorical units to plot a list of strings that are all parsable as floats or dates. If these strings should be plotted as numbers, cast to the appropriate data type before plotting.
2025-10-22 20:06:42,829 INFO matplotlib.category: Using categorical units to plot a list of strings that are all parsable as floats or dates. If these strings should be plotted as numbers, cast to the appropriate data type before plotting.
2025-10-22 20:07:14,976 INFO matplotlib.category: Using categorical units to plot a list of strings that are all parsable as floats or dates. If these strings should be plotted as numbers, cast to the appropriate data type before plotting.
2025-10-22 20:07:14,977 INFO matplotlib.category: Using categorical units to plot a list of strings that are all parsable as floats or dates. If these strings should be plotted as numbers, cast to the appropriate data type before plotting.
2025-10-22 20:07:53,026 INFO workpay.user.1: {"action": "payroll.export_pdf", "meta": {"user_id": 1, "file": "E:/9.0.0.0 PROJEKTE/0. DEV - PYTHON/PycharmProjects/x WorkPay - P1Nky$ W0rk & P@y/Abrechnung_Gasic-Simo_erstellt-am-2025-10-22_von_2025-10-01_bis_2025-11-30.pdf"}}
2025-10-22 20:09:30,434 INFO matplotlib.category: Using categorical units to plot a list of strings that are all parsable as floats or dates. If these strings should be plotted as numbers, cast to the appropriate data type before plotting.
2025-10-22 20:09:30,434 INFO matplotlib.category: Using categorical units to plot a list of strings that are all parsable as floats or dates. If these strings should be plotted as numbers, cast to the appropriate data type before plotting.
2025-10-22 20:10:21,537 INFO matplotlib.category: Using categorical units to plot a list of strings that are all parsable as floats or dates. If these strings should be plotted as numbers, cast to the appropriate data type before plotting.
2025-10-22 20:10:21,538 INFO matplotlib.category: Using categorical units to plot a list of strings that are all parsable as floats or dates. If these strings should be plotted as numbers, cast to the appropriate data type before plotting.
2025-10-22 20:10:21,594 INFO matplotlib.category: Using categorical units to plot a list of strings that are all parsable as floats or dates. If these strings should be plotted as numbers, cast to the appropriate data type before plotting.
2025-10-22 20:10:21,594 INFO matplotlib.category: Using categorical units to plot a list of strings that are all parsable as floats or dates. If these strings should be plotted as numbers, cast to the appropriate data type before plotting.
2025-10-22 20:10:22,114 INFO matplotlib.category: Using categorical units to plot a list of strings that are all parsable as floats or dates. If these strings should be plotted as numbers, cast to the appropriate data type before plotting.
2025-10-22 20:10:22,114 INFO matplotlib.category: Using categorical units to plot a list of strings that are all parsable as floats or dates. If these strings should be plotted as numbers, cast to the appropriate data type before plotting.
2025-10-22 20:10:22,172 INFO matplotlib.category: Using categorical units to plot a list of strings that are all parsable as floats or dates. If these strings should be plotted as numbers, cast to the appropriate data type before plotting.
2025-10-22 20:10:22,172 INFO matplotlib.category: Using categorical units to plot a list of strings that are all parsable as floats or dates. If these strings should be plotted as numbers, cast to the appropriate data type before plotting.
2025-10-22 20:10:23,378 INFO matplotlib.category: Using categorical units to plot a list of strings that are all parsable as floats or dates. If these strings should be plotted as numbers, cast to the appropriate data type before plotting.
2025-10-22 20:10:23,378 INFO matplotlib.category: Using categorical units to plot a list of strings that are all parsable as floats or dates. If these strings should be plotted as numbers, cast to the appropriate data type before plotting.
2025-10-22 20:10:23,435 INFO matplotlib.category: Using categorical units to plot a list of strings that are all parsable as floats or dates. If these strings should be plotted as numbers, cast to the appropriate data type before plotting.
2025-10-22 20:10:23,436 INFO matplotlib.category: Using categorical units to plot a list of strings that are all parsable as floats or dates. If these strings should be plotted as numbers, cast to the appropriate data type before plotting.
2025-10-22 20:11:51,204 INFO matplotlib.category: Using categorical units to plot a list of strings that are all parsable as floats or dates. If these strings should be plotted as numbers, cast to the appropriate data type before plotting.
2025-10-22 20:11:51,204 INFO matplotlib.category: Using categorical units to plot a list of strings that are all parsable as floats or dates. If these strings should be plotted as numbers, cast to the appropriate data type before plotting.
2025-10-22 20:11:51,264 INFO matplotlib.category: Using categorical units to plot a list of strings that are all parsable as floats or dates. If these strings should be plotted as numbers, cast to the appropriate data type before plotting.
2025-10-22 20:11:51,264 INFO matplotlib.category: Using categorical units to plot a list of strings that are all parsable as floats or dates. If these strings should be plotted as numbers, cast to the appropriate data type before plotting.
2025-10-22 20:12:47,769 INFO matplotlib.category: Using categorical units to plot a list of strings that are all parsable as floats or dates. If these strings should be plotted as numbers, cast to the appropriate data type before plotting.
2025-10-22 20:12:47,769 INFO matplotlib.category: Using categorical units to plot a list of strings that are all parsable as floats or dates. If these strings should be plotted as numbers, cast to the appropriate data type before plotting.
2025-10-22 20:12:49,332 INFO matplotlib.category: Using categorical units to plot a list of strings that are all parsable as floats or dates. If these strings should be plotted as numbers, cast to the appropriate data type before plotting.
2025-10-22 20:12:49,332 INFO matplotlib.category: Using categorical units to plot a list of strings that are all parsable as floats or dates. If these strings should be plotted as numbers, cast to the appropriate data type before plotting.
2025-10-22 20:12:50,546 INFO matplotlib.category: Using categorical units to plot a list of strings that are all parsable as floats or dates. If these strings should be plotted as numbers, cast to the appropriate data type before plotting.
2025-10-22 20:12:50,546 INFO matplotlib.category: Using categorical units to plot a list of strings that are all parsable as floats or dates. If these strings should be plotted as numbers, cast to the appropriate data type before plotting.
2025-10-22 20:12:51,448 INFO matplotlib.category: Using categorical units to plot a list of strings that are all parsable as floats or dates. If these strings should be plotted as numbers, cast to the appropriate data type before plotting.
2025-10-22 20:12:51,448 INFO matplotlib.category: Using categorical units to plot a list of strings that are all parsable as floats or dates. If these strings should be plotted as numbers, cast to the appropriate data type before plotting.
2025-10-22 20:12:52,361 INFO matplotlib.category: Using categorical units to plot a list of strings that are all parsable as floats or dates. If these strings should be plotted as numbers, cast to the appropriate data type before plotting.
2025-10-22 20:12:52,361 INFO matplotlib.category: Using categorical units to plot a list of strings that are all parsable as floats or dates. If these strings should be plotted as numbers, cast to the appropriate data type before plotting.
2025-10-22 20:12:53,721 INFO matplotlib.category: Using categorical units to plot a list of strings that are all parsable as floats or dates. If these strings should be plotted as numbers, cast to the appropriate data type before plotting.
2025-10-22 20:12:53,721 INFO matplotlib.category: Using categorical units to plot a list of strings that are all parsable as floats or dates. If these strings should be plotted as numbers, cast to the appropriate data type before plotting.
2025-10-22 22:29:57,278 INFO workpay: App gestartet (v?)
2025-10-22 22:30:01,524 INFO matplotlib.category: Using categorical units to plot a list of strings that are all parsable as floats or dates. If these strings should be plotted as numbers, cast to the appropriate data type before plotting.
2025-10-22 22:30:01,525 INFO matplotlib.category: Using categorical units to plot a list of strings that are all parsable as floats or dates. If these strings should be plotted as numbers, cast to the appropriate data type before plotting.
2025-10-22 22:30:20,791 INFO matplotlib.category: Using categorical units to plot a list of strings that are all parsable as floats or dates. If these strings should be plotted as numbers, cast to the appropriate data type before plotting.
2025-10-22 22:30:20,791 INFO matplotlib.category: Using categorical units to plot a list of strings that are all parsable as floats or dates. If these strings should be plotted as numbers, cast to the appropriate data type before plotting.
2025-10-22 22:30:30,986 INFO matplotlib.category: Using categorical units to plot a list of strings that are all parsable as floats or dates. If these strings should be plotted as numbers, cast to the appropriate data type before plotting.
2025-10-22 22:30:30,986 INFO matplotlib.category: Using categorical units to plot a list of strings that are all parsable as floats or dates. If these strings should be plotted as numbers, cast to the appropriate data type before plotting.
2025-10-22 22:30:37,905 INFO matplotlib.category: Using categorical units to plot a list of strings that are all parsable as floats or dates. If these strings should be plotted as numbers, cast to the appropriate data type before plotting.
2025-10-22 22:30:37,906 INFO matplotlib.category: Using categorical units to plot a list of strings that are all parsable as floats or dates. If these strings should be plotted as numbers, cast to the appropriate data type before plotting.
2025-10-22 22:30:55,297 INFO workpay: App gestartet (v?)
2025-10-22 22:32:50,056 INFO workpay: App gestartet (v?)
2025-10-22 22:32:55,101 INFO matplotlib.category: Using categorical units to plot a list of strings that are all parsable as floats or dates. If these strings should be plotted as numbers, cast to the appropriate data type before plotting.
2025-10-22 22:32:55,102 INFO matplotlib.category: Using categorical units to plot a list of strings that are all parsable as floats or dates. If these strings should be plotted as numbers, cast to the appropriate data type before plotting.
2025-10-22 22:49:01,339 INFO workpay: App gestartet (v?)
2025-10-22 22:49:05,384 INFO matplotlib.category: Using categorical units to plot a list of strings that are all parsable as floats or dates. If these strings should be plotted as numbers, cast to the appropriate data type before plotting.
2025-10-22 22:49:05,384 INFO matplotlib.category: Using categorical units to plot a list of strings that are all parsable as floats or dates. If these strings should be plotted as numbers, cast to the appropriate data type before plotting.
2025-10-22 23:18:43,254 INFO workpay: App gestartet (v?)
2025-10-22 23:18:46,712 INFO matplotlib.category: Using categorical units to plot a list of strings that are all parsable as floats or dates. If these strings should be plotted as numbers, cast to the appropriate data type before plotting.
2025-10-22 23:18:46,713 INFO matplotlib.category: Using categorical units to plot a list of strings that are all parsable as floats or dates. If these strings should be plotted as numbers, cast to the appropriate data type before plotting.
2025-10-22 23:28:28,850 INFO workpay: App gestartet (v?)
2025-10-22 23:28:32,662 INFO matplotlib.category: Using categorical units to plot a list of strings that are all parsable as floats or dates. If these strings should be plotted as numbers, cast to the appropriate data type before plotting.
2025-10-22 23:28:32,663 INFO matplotlib.category: Using categorical units to plot a list of strings that are all parsable as floats or dates. If these strings should be plotted as numbers, cast to the appropriate data type before plotting.
2025-10-22 23:39:15,062 INFO workpay: App gestartet (v?)
2025-10-22 23:39:20,073 INFO matplotlib.category: Using categorical units to plot a list of strings that are all parsable as floats or dates. If these strings should be plotted as numbers, cast to the appropriate data type before plotting.
2025-10-22 23:39:20,073 INFO matplotlib.category: Using categorical units to plot a list of strings that are all parsable as floats or dates. If these strings should be plotted as numbers, cast to the appropriate data type before plotting.
2025-10-22 23:51:59,748 INFO workpay: App gestartet (v?)
2025-10-22 23:52:03,160 INFO matplotlib.category: Using categorical units to plot a list of strings that are all parsable as floats or dates. If these strings should be plotted as numbers, cast to the appropriate data type before plotting.
2025-10-22 23:52:03,161 INFO matplotlib.category: Using categorical units to plot a list of strings that are all parsable as floats or dates. If these strings should be plotted as numbers, cast to the appropriate data type before plotting.
2025-10-22 23:52:39,385 INFO workpay: App gestartet (v?)
2025-10-22 23:52:42,990 INFO matplotlib.category: Using categorical units to plot a list of strings that are all parsable as floats or dates. If these strings should be plotted as numbers, cast to the appropriate data type before plotting.
2025-10-22 23:52:42,991 INFO matplotlib.category: Using categorical units to plot a list of strings that are all parsable as floats or dates. If these strings should be plotted as numbers, cast to the appropriate data type before plotting.
2025-10-23 00:02:20,395 INFO workpay: App gestartet (v?)
2025-10-23 00:02:23,881 INFO matplotlib.category: Using categorical units to plot a list of strings that are all parsable as floats or dates. If these strings should be plotted as numbers, cast to the appropriate data type before plotting.
2025-10-23 00:02:23,882 INFO matplotlib.category: Using categorical units to plot a list of strings that are all parsable as floats or dates. If these strings should be plotted as numbers, cast to the appropriate data type before plotting.
2025-10-23 00:02:36,447 INFO matplotlib.category: Using categorical units to plot a list of strings that are all parsable as floats or dates. If these strings should be plotted as numbers, cast to the appropriate data type before plotting.
2025-10-23 00:02:36,448 INFO matplotlib.category: Using categorical units to plot a list of strings that are all parsable as floats or dates. If these strings should be plotted as numbers, cast to the appropriate data type before plotting.
2025-10-23 00:10:42,386 INFO workpay: App gestartet (v?)
2025-10-23 00:10:46,659 INFO matplotlib.category: Using categorical units to plot a list of strings that are all parsable as floats or dates. If these strings should be plotted as numbers, cast to the appropriate data type before plotting.
2025-10-23 00:10:46,659 INFO matplotlib.category: Using categorical units to plot a list of strings that are all parsable as floats or dates. If these strings should be plotted as numbers, cast to the appropriate data type before plotting.
2025-10-23 00:10:58,748 INFO matplotlib.category: Using categorical units to plot a list of strings that are all parsable as floats or dates. If these strings should be plotted as numbers, cast to the appropriate data type before plotting.
2025-10-23 00:10:58,748 INFO matplotlib.category: Using categorical units to plot a list of strings that are all parsable as floats or dates. If these strings should be plotted as numbers, cast to the appropriate data type before plotting.
2025-10-23 00:19:21,581 INFO workpay: App gestartet (v?)
2025-10-23 00:19:26,439 INFO matplotlib.category: Using categorical units to plot a list of strings that are all parsable as floats or dates. If these strings should be plotted as numbers, cast to the appropriate data type before plotting.
2025-10-23 00:19:26,439 INFO matplotlib.category: Using categorical units to plot a list of strings that are all parsable as floats or dates. If these strings should be plotted as numbers, cast to the appropriate data type before plotting.
2025-10-23 00:19:41,589 INFO workpay: App gestartet (v?)
2025-10-23 00:19:45,253 INFO matplotlib.category: Using categorical units to plot a list of strings that are all parsable as floats or dates. If these strings should be plotted as numbers, cast to the appropriate data type before plotting.
2025-10-23 00:19:45,253 INFO matplotlib.category: Using categorical units to plot a list of strings that are all parsable as floats or dates. If these strings should be plotted as numbers, cast to the appropriate data type before plotting.
2025-10-23 00:28:48,378 INFO workpay: App gestartet (v?)
2025-10-23 00:28:52,067 INFO matplotlib.category: Using categorical units to plot a list of strings that are all parsable as floats or dates. If these strings should be plotted as numbers, cast to the appropriate data type before plotting.
2025-10-23 00:28:52,067 INFO matplotlib.category: Using categorical units to plot a list of strings that are all parsable as floats or dates. If these strings should be plotted as numbers, cast to the appropriate data type before plotting.
2025-10-23 00:33:44,236 INFO workpay: App gestartet (v?)
2025-10-23 00:33:48,084 INFO matplotlib.category: Using categorical units to plot a list of strings that are all parsable as floats or dates. If these strings should be plotted as numbers, cast to the appropriate data type before plotting.
2025-10-23 00:33:48,085 INFO matplotlib.category: Using categorical units to plot a list of strings that are all parsable as floats or dates. If these strings should be plotted as numbers, cast to the appropriate data type before plotting.
2025-10-23 18:34:33,868 INFO workpay: App gestartet (v?)
2025-10-23 18:40:12,567 INFO workpay: App gestartet (v?)
2025-10-23 18:40:23,748 INFO workpay: App gestartet (v?)
2025-10-23 18:40:42,660 INFO workpay: App gestartet (v?)
2025-10-23 18:47:47,125 INFO workpay: App gestartet (v?)
2025-10-23 18:47:55,579 INFO matplotlib.category: Using categorical units to plot a list of strings that are all parsable as floats or dates. If these strings should be plotted as numbers, cast to the appropriate data type before plotting.
2025-10-23 18:47:55,579 INFO matplotlib.category: Using categorical units to plot a list of strings that are all parsable as floats or dates. If these strings should be plotted as numbers, cast to the appropriate data type before plotting.
2025-10-23 18:48:02,226 INFO matplotlib.category: Using categorical units to plot a list of strings that are all parsable as floats or dates. If these strings should be plotted as numbers, cast to the appropriate data type before plotting.
2025-10-23 18:48:02,226 INFO matplotlib.category: Using categorical units to plot a list of strings that are all parsable as floats or dates. If these strings should be plotted as numbers, cast to the appropriate data type before plotting.
2025-10-23 18:48:10,829 INFO matplotlib.category: Using categorical units to plot a list of strings that are all parsable as floats or dates. If these strings should be plotted as numbers, cast to the appropriate data type before plotting.
2025-10-23 18:48:10,830 INFO matplotlib.category: Using categorical units to plot a list of strings that are all parsable as floats or dates. If these strings should be plotted as numbers, cast to the appropriate data type before plotting.
2025-10-23 18:48:12,175 INFO matplotlib.category: Using categorical units to plot a list of strings that are all parsable as floats or dates. If these strings should be plotted as numbers, cast to the appropriate data type before plotting.
2025-10-23 18:48:12,175 INFO matplotlib.category: Using categorical units to plot a list of strings that are all parsable as floats or dates. If these strings should be plotted as numbers, cast to the appropriate data type before plotting.
2025-10-23 18:48:12,999 INFO matplotlib.category: Using categorical units to plot a list of strings that are all parsable as floats or dates. If these strings should be plotted as numbers, cast to the appropriate data type before plotting.
2025-10-23 18:48:12,999 INFO matplotlib.category: Using categorical units to plot a list of strings that are all parsable as floats or dates. If these strings should be plotted as numbers, cast to the appropriate data type before plotting.
2025-10-23 18:48:13,941 INFO matplotlib.category: Using categorical units to plot a list of strings that are all parsable as floats or dates. If these strings should be plotted as numbers, cast to the appropriate data type before plotting.
2025-10-23 18:48:13,941 INFO matplotlib.category: Using categorical units to plot a list of strings that are all parsable as floats or dates. If these strings should be plotted as numbers, cast to the appropriate data type before plotting.
2025-10-23 18:48:14,713 INFO matplotlib.category: Using categorical units to plot a list of strings that are all parsable as floats or dates. If these strings should be plotted as numbers, cast to the appropriate data type before plotting.
2025-10-23 18:48:14,713 INFO matplotlib.category: Using categorical units to plot a list of strings that are all parsable as floats or dates. If these strings should be plotted as numbers, cast to the appropriate data type before plotting.
2025-10-23 18:48:15,555 INFO matplotlib.category: Using categorical units to plot a list of strings that are all parsable as floats or dates. If these strings should be plotted as numbers, cast to the appropriate data type before plotting.
2025-10-23 18:48:15,555 INFO matplotlib.category: Using categorical units to plot a list of strings that are all parsable as floats or dates. If these strings should be plotted as numbers, cast to the appropriate data type before plotting.
2025-10-23 18:48:16,200 INFO matplotlib.category: Using categorical units to plot a list of strings that are all parsable as floats or dates. If these strings should be plotted as numbers, cast to the appropriate data type before plotting.
2025-10-23 18:48:16,200 INFO matplotlib.category: Using categorical units to plot a list of strings that are all parsable as floats or dates. If these strings should be plotted as numbers, cast to the appropriate data type before plotting.
2025-10-23 18:48:16,826 INFO matplotlib.category: Using categorical units to plot a list of strings that are all parsable as floats or dates. If these strings should be plotted as numbers, cast to the appropriate data type before plotting.
2025-10-23 18:48:16,826 INFO matplotlib.category: Using categorical units to plot a list of strings that are all parsable as floats or dates. If these strings should be plotted as numbers, cast to the appropriate data type before plotting.
2025-10-23 18:48:17,498 INFO matplotlib.category: Using categorical units to plot a list of strings that are all parsable as floats or dates. If these strings should be plotted as numbers, cast to the appropriate data type before plotting.
2025-10-23 18:48:17,499 INFO matplotlib.category: Using categorical units to plot a list of strings that are all parsable as floats or dates. If these strings should be plotted as numbers, cast to the appropriate data type before plotting.
2025-10-23 18:48:18,133 INFO matplotlib.category: Using categorical units to plot a list of strings that are all parsable as floats or dates. If these strings should be plotted as numbers, cast to the appropriate data type before plotting.
2025-10-23 18:48:18,134 INFO matplotlib.category: Using categorical units to plot a list of strings that are all parsable as floats or dates. If these strings should be plotted as numbers, cast to the appropriate data type before plotting.
2025-10-23 18:48:18,763 INFO matplotlib.category: Using categorical units to plot a list of strings that are all parsable as floats or dates. If these strings should be plotted as numbers, cast to the appropriate data type before plotting.
2025-10-23 18:48:18,763 INFO matplotlib.category: Using categorical units to plot a list of strings that are all parsable as floats or dates. If these strings should be plotted as numbers, cast to the appropriate data type before plotting.
2025-10-23 18:48:19,496 INFO matplotlib.category: Using categorical units to plot a list of strings that are all parsable as floats or dates. If these strings should be plotted as numbers, cast to the appropriate data type before plotting.
2025-10-23 18:48:19,496 INFO matplotlib.category: Using categorical units to plot a list of strings that are all parsable as floats or dates. If these strings should be plotted as numbers, cast to the appropriate data type before plotting.
2025-10-23 18:48:20,253 INFO matplotlib.category: Using categorical units to plot a list of strings that are all parsable as floats or dates. If these strings should be plotted as numbers, cast to the appropriate data type before plotting.
2025-10-23 18:48:20,253 INFO matplotlib.category: Using categorical units to plot a list of strings that are all parsable as floats or dates. If these strings should be plotted as numbers, cast to the appropriate data type before plotting.
2025-10-23 18:48:21,154 INFO matplotlib.category: Using categorical units to plot a list of strings that are all parsable as floats or dates. If these strings should be plotted as numbers, cast to the appropriate data type before plotting.
2025-10-23 18:48:21,155 INFO matplotlib.category: Using categorical units to plot a list of strings that are all parsable as floats or dates. If these strings should be plotted as numbers, cast to the appropriate data type before plotting.
2025-10-23 18:48:21,818 INFO matplotlib.category: Using categorical units to plot a list of strings that are all parsable as floats or dates. If these strings should be plotted as numbers, cast to the appropriate data type before plotting.
2025-10-23 18:48:21,819 INFO matplotlib.category: Using categorical units to plot a list of strings that are all parsable as floats or dates. If these strings should be plotted as numbers, cast to the appropriate data type before plotting.
2025-10-23 18:48:22,483 INFO matplotlib.category: Using categorical units to plot a list of strings that are all parsable as floats or dates. If these strings should be plotted as numbers, cast to the appropriate data type before plotting.
2025-10-23 18:48:22,485 INFO matplotlib.category: Using categorical units to plot a list of strings that are all parsable as floats or dates. If these strings should be plotted as numbers, cast to the appropriate data type before plotting.
2025-10-23 18:48:24,371 INFO matplotlib.category: Using categorical units to plot a list of strings that are all parsable as floats or dates. If these strings should be plotted as numbers, cast to the appropriate data type before plotting.
2025-10-23 18:48:24,371 INFO matplotlib.category: Using categorical units to plot a list of strings that are all parsable as floats or dates. If these strings should be plotted as numbers, cast to the appropriate data type before plotting.
2025-10-23 18:48:25,079 INFO matplotlib.category: Using categorical units to plot a list of strings that are all parsable as floats or dates. If these strings should be plotted as numbers, cast to the appropriate data type before plotting.
2025-10-23 18:48:25,079 INFO matplotlib.category: Using categorical units to plot a list of strings that are all parsable as floats or dates. If these strings should be plotted as numbers, cast to the appropriate data type before plotting.
2025-10-23 18:48:25,805 INFO matplotlib.category: Using categorical units to plot a list of strings that are all parsable as floats or dates. If these strings should be plotted as numbers, cast to the appropriate data type before plotting.
2025-10-23 18:48:25,806 INFO matplotlib.category: Using categorical units to plot a list of strings that are all parsable as floats or dates. If these strings should be plotted as numbers, cast to the appropriate data type before plotting.
2025-10-23 18:48:26,499 INFO matplotlib.category: Using categorical units to plot a list of strings that are all parsable as floats or dates. If these strings should be plotted as numbers, cast to the appropriate data type before plotting.
2025-10-23 18:48:26,500 INFO matplotlib.category: Using categorical units to plot a list of strings that are all parsable as floats or dates. If these strings should be plotted as numbers, cast to the appropriate data type before plotting.
2025-10-23 18:48:27,204 INFO matplotlib.category: Using categorical units to plot a list of strings that are all parsable as floats or dates. If these strings should be plotted as numbers, cast to the appropriate data type before plotting.
2025-10-23 18:48:27,205 INFO matplotlib.category: Using categorical units to plot a list of strings that are all parsable as floats or dates. If these strings should be plotted as numbers, cast to the appropriate data type before plotting.
2025-10-23 18:48:27,914 INFO matplotlib.category: Using categorical units to plot a list of strings that are all parsable as floats or dates. If these strings should be plotted as numbers, cast to the appropriate data type before plotting.
2025-10-23 18:48:27,915 INFO matplotlib.category: Using categorical units to plot a list of strings that are all parsable as floats or dates. If these strings should be plotted as numbers, cast to the appropriate data type before plotting.
2025-10-23 18:48:28,788 INFO matplotlib.category: Using categorical units to plot a list of strings that are all parsable as floats or dates. If these strings should be plotted as numbers, cast to the appropriate data type before plotting.
2025-10-23 18:48:28,788 INFO matplotlib.category: Using categorical units to plot a list of strings that are all parsable as floats or dates. If these strings should be plotted as numbers, cast to the appropriate data type before plotting.
2025-10-23 18:48:29,441 INFO matplotlib.category: Using categorical units to plot a list of strings that are all parsable as floats or dates. If these strings should be plotted as numbers, cast to the appropriate data type before plotting.
2025-10-23 18:48:29,442 INFO matplotlib.category: Using categorical units to plot a list of strings that are all parsable as floats or dates. If these strings should be plotted as numbers, cast to the appropriate data type before plotting.
2025-10-23 18:48:30,555 INFO matplotlib.category: Using categorical units to plot a list of strings that are all parsable as floats or dates. If these strings should be plotted as numbers, cast to the appropriate data type before plotting.
2025-10-23 18:48:30,556 INFO matplotlib.category: Using categorical units to plot a list of strings that are all parsable as floats or dates. If these strings should be plotted as numbers, cast to the appropriate data type before plotting.
2025-10-23 18:48:31,432 INFO matplotlib.category: Using categorical units to plot a list of strings that are all parsable as floats or dates. If these strings should be plotted as numbers, cast to the appropriate data type before plotting.
2025-10-23 18:48:31,433 INFO matplotlib.category: Using categorical units to plot a list of strings that are all parsable as floats or dates. If these strings should be plotted as numbers, cast to the appropriate data type before plotting.
2025-10-23 18:48:32,214 INFO matplotlib.category: Using categorical units to plot a list of strings that are all parsable as floats or dates. If these strings should be plotted as numbers, cast to the appropriate data type before plotting.
2025-10-23 18:48:32,215 INFO matplotlib.category: Using categorical units to plot a list of strings that are all parsable as floats or dates. If these strings should be plotted as numbers, cast to the appropriate data type before plotting.
2025-10-23 18:48:32,950 INFO matplotlib.category: Using categorical units to plot a list of strings that are all parsable as floats or dates. If these strings should be plotted as numbers, cast to the appropriate data type before plotting.
2025-10-23 18:48:32,951 INFO matplotlib.category: Using categorical units to plot a list of strings that are all parsable as floats or dates. If these strings should be plotted as numbers, cast to the appropriate data type before plotting.
2025-10-23 18:48:33,632 INFO matplotlib.category: Using categorical units to plot a list of strings that are all parsable as floats or dates. If these strings should be plotted as numbers, cast to the appropriate data type before plotting.
2025-10-23 18:48:33,632 INFO matplotlib.category: Using categorical units to plot a list of strings that are all parsable as floats or dates. If these strings should be plotted as numbers, cast to the appropriate data type before plotting.
2025-10-23 18:48:34,303 INFO matplotlib.category: Using categorical units to plot a list of strings that are all parsable as floats or dates. If these strings should be plotted as numbers, cast to the appropriate data type before plotting.
2025-10-23 18:48:34,303 INFO matplotlib.category: Using categorical units to plot a list of strings that are all parsable as floats or dates. If these strings should be plotted as numbers, cast to the appropriate data type before plotting.
2025-10-23 18:49:12,013 INFO matplotlib.category: Using categorical units to plot a list of strings that are all parsable as floats or dates. If these strings should be plotted as numbers, cast to the appropriate data type before plotting.
2025-10-23 18:49:12,014 INFO matplotlib.category: Using categorical units to plot a list of strings that are all parsable as floats or dates. If these strings should be plotted as numbers, cast to the appropriate data type before plotting.
2025-10-23 18:49:16,833 INFO matplotlib.category: Using categorical units to plot a list of strings that are all parsable as floats or dates. If these strings should be plotted as numbers, cast to the appropriate data type before plotting.
2025-10-23 18:49:16,834 INFO matplotlib.category: Using categorical units to plot a list of strings that are all parsable as floats or dates. If these strings should be plotted as numbers, cast to the appropriate data type before plotting.
2025-10-23 18:49:23,743 INFO matplotlib.category: Using categorical units to plot a list of strings that are all parsable as floats or dates. If these strings should be plotted as numbers, cast to the appropriate data type before plotting.
2025-10-23 18:49:23,743 INFO matplotlib.category: Using categorical units to plot a list of strings that are all parsable as floats or dates. If these strings should be plotted as numbers, cast to the appropriate data type before plotting.
2025-10-23 18:50:06,024 INFO matplotlib.category: Using categorical units to plot a list of strings that are all parsable as floats or dates. If these strings should be plotted as numbers, cast to the appropriate data type before plotting.
2025-10-23 18:50:06,024 INFO matplotlib.category: Using categorical units to plot a list of strings that are all parsable as floats or dates. If these strings should be plotted as numbers, cast to the appropriate data type before plotting.
2025-10-23 18:50:36,844 INFO matplotlib.category: Using categorical units to plot a list of strings that are all parsable as floats or dates. If these strings should be plotted as numbers, cast to the appropriate data type before plotting.
2025-10-23 18:50:36,844 INFO matplotlib.category: Using categorical units to plot a list of strings that are all parsable as floats or dates. If these strings should be plotted as numbers, cast to the appropriate data type before plotting.
2025-10-23 18:50:59,371 INFO matplotlib.category: Using categorical units to plot a list of strings that are all parsable as floats or dates. If these strings should be plotted as numbers, cast to the appropriate data type before plotting.
2025-10-23 18:50:59,372 INFO matplotlib.category: Using categorical units to plot a list of strings that are all parsable as floats or dates. If these strings should be plotted as numbers, cast to the appropriate data type before plotting.
2025-10-23 18:51:13,153 INFO matplotlib.category: Using categorical units to plot a list of strings that are all parsable as floats or dates. If these strings should be plotted as numbers, cast to the appropriate data type before plotting.
2025-10-23 18:51:13,154 INFO matplotlib.category: Using categorical units to plot a list of strings that are all parsable as floats or dates. If these strings should be plotted as numbers, cast to the appropriate data type before plotting.
2025-10-23 18:51:29,152 INFO matplotlib.category: Using categorical units to plot a list of strings that are all parsable as floats or dates. If these strings should be plotted as numbers, cast to the appropriate data type before plotting.
2025-10-23 18:51:29,153 INFO matplotlib.category: Using categorical units to plot a list of strings that are all parsable as floats or dates. If these strings should be plotted as numbers, cast to the appropriate data type before plotting.
2025-10-23 18:52:12,293 INFO matplotlib.category: Using categorical units to plot a list of strings that are all parsable as floats or dates. If these strings should be plotted as numbers, cast to the appropriate data type before plotting.
2025-10-23 18:52:12,293 INFO matplotlib.category: Using categorical units to plot a list of strings that are all parsable as floats or dates. If these strings should be plotted as numbers, cast to the appropriate data type before plotting.
2025-10-23 18:52:55,204 INFO matplotlib.category: Using categorical units to plot a list of strings that are all parsable as floats or dates. If these strings should be plotted as numbers, cast to the appropriate data type before plotting.
2025-10-23 18:52:55,204 INFO matplotlib.category: Using categorical units to plot a list of strings that are all parsable as floats or dates. If these strings should be plotted as numbers, cast to the appropriate data type before plotting.
2025-10-23 18:53:28,628 INFO matplotlib.category: Using categorical units to plot a list of strings that are all parsable as floats or dates. If these strings should be plotted as numbers, cast to the appropriate data type before plotting.
2025-10-23 18:53:28,628 INFO matplotlib.category: Using categorical units to plot a list of strings that are all parsable as floats or dates. If these strings should be plotted as numbers, cast to the appropriate data type before plotting.
2025-10-23 18:53:57,572 INFO matplotlib.category: Using categorical units to plot a list of strings that are all parsable as floats or dates. If these strings should be plotted as numbers, cast to the appropriate data type before plotting.
2025-10-23 18:53:57,572 INFO matplotlib.category: Using categorical units to plot a list of strings that are all parsable as floats or dates. If these strings should be plotted as numbers, cast to the appropriate data type before plotting.
2025-10-23 18:54:08,694 INFO matplotlib.category: Using categorical units to plot a list of strings that are all parsable as floats or dates. If these strings should be plotted as numbers, cast to the appropriate data type before plotting.
2025-10-23 18:54:08,694 INFO matplotlib.category: Using categorical units to plot a list of strings that are all parsable as floats or dates. If these strings should be plotted as numbers, cast to the appropriate data type before plotting.
2025-10-23 18:54:13,371 INFO matplotlib.category: Using categorical units to plot a list of strings that are all parsable as floats or dates. If these strings should be plotted as numbers, cast to the appropriate data type before plotting.
2025-10-23 18:54:13,371 INFO matplotlib.category: Using categorical units to plot a list of strings that are all parsable as floats or dates. If these strings should be plotted as numbers, cast to the appropriate data type before plotting.
2025-10-23 18:54:41,413 INFO matplotlib.category: Using categorical units to plot a list of strings that are all parsable as floats or dates. If these strings should be plotted as numbers, cast to the appropriate data type before plotting.
2025-10-23 18:54:41,413 INFO matplotlib.category: Using categorical units to plot a list of strings that are all parsable as floats or dates. If these strings should be plotted as numbers, cast to the appropriate data type before plotting.
2025-10-23 18:55:05,457 INFO matplotlib.category: Using categorical units to plot a list of strings that are all parsable as floats or dates. If these strings should be plotted as numbers, cast to the appropriate data type before plotting.
2025-10-23 18:55:05,457 INFO matplotlib.category: Using categorical units to plot a list of strings that are all parsable as floats or dates. If these strings should be plotted as numbers, cast to the appropriate data type before plotting.
2025-10-23 18:55:27,774 INFO matplotlib.category: Using categorical units to plot a list of strings that are all parsable as floats or dates. If these strings should be plotted as numbers, cast to the appropriate data type before plotting.
2025-10-23 18:55:27,774 INFO matplotlib.category: Using categorical units to plot a list of strings that are all parsable as floats or dates. If these strings should be plotted as numbers, cast to the appropriate data type before plotting.
2025-10-23 18:55:59,317 INFO matplotlib.category: Using categorical units to plot a list of strings that are all parsable as floats or dates. If these strings should be plotted as numbers, cast to the appropriate data type before plotting.
2025-10-23 18:55:59,317 INFO matplotlib.category: Using categorical units to plot a list of strings that are all parsable as floats or dates. If these strings should be plotted as numbers, cast to the appropriate data type before plotting.
2025-10-23 18:56:20,946 INFO matplotlib.category: Using categorical units to plot a list of strings that are all parsable as floats or dates. If these strings should be plotted as numbers, cast to the appropriate data type before plotting.
2025-10-23 18:56:20,946 INFO matplotlib.category: Using categorical units to plot a list of strings that are all parsable as floats or dates. If these strings should be plotted as numbers, cast to the appropriate data type before plotting.
2025-10-23 18:56:51,309 INFO matplotlib.category: Using categorical units to plot a list of strings that are all parsable as floats or dates. If these strings should be plotted as numbers, cast to the appropriate data type before plotting.
2025-10-23 18:56:51,310 INFO matplotlib.category: Using categorical units to plot a list of strings that are all parsable as floats or dates. If these strings should be plotted as numbers, cast to the appropriate data type before plotting.
2025-10-23 18:57:21,970 INFO matplotlib.category: Using categorical units to plot a list of strings that are all parsable as floats or dates. If these strings should be plotted as numbers, cast to the appropriate data type before plotting.
2025-10-23 18:57:21,971 INFO matplotlib.category: Using categorical units to plot a list of strings that are all parsable as floats or dates. If these strings should be plotted as numbers, cast to the appropriate data type before plotting.
2025-10-23 18:57:36,101 INFO matplotlib.category: Using categorical units to plot a list of strings that are all parsable as floats or dates. If these strings should be plotted as numbers, cast to the appropriate data type before plotting.
2025-10-23 18:57:36,101 INFO matplotlib.category: Using categorical units to plot a list of strings that are all parsable as floats or dates. If these strings should be plotted as numbers, cast to the appropriate data type before plotting.
2025-10-23 18:57:39,319 INFO matplotlib.category: Using categorical units to plot a list of strings that are all parsable as floats or dates. If these strings should be plotted as numbers, cast to the appropriate data type before plotting.
2025-10-23 18:57:39,320 INFO matplotlib.category: Using categorical units to plot a list of strings that are all parsable as floats or dates. If these strings should be plotted as numbers, cast to the appropriate data type before plotting.
2025-10-23 18:58:21,995 INFO matplotlib.category: Using categorical units to plot a list of strings that are all parsable as floats or dates. If these strings should be plotted as numbers, cast to the appropriate data type before plotting.
2025-10-23 18:58:21,995 INFO matplotlib.category: Using categorical units to plot a list of strings that are all parsable as floats or dates. If these strings should be plotted as numbers, cast to the appropriate data type before plotting.
2025-10-23 18:58:29,442 INFO matplotlib.category: Using categorical units to plot a list of strings that are all parsable as floats or dates. If these strings should be plotted as numbers, cast to the appropriate data type before plotting.
2025-10-23 18:58:29,443 INFO matplotlib.category: Using categorical units to plot a list of strings that are all parsable as floats or dates. If these strings should be plotted as numbers, cast to the appropriate data type before plotting.
2025-10-23 18:58:38,263 INFO matplotlib.category: Using categorical units to plot a list of strings that are all parsable as floats or dates. If these strings should be plotted as numbers, cast to the appropriate data type before plotting.
2025-10-23 18:58:38,263 INFO matplotlib.category: Using categorical units to plot a list of strings that are all parsable as floats or dates. If these strings should be plotted as numbers, cast to the appropriate data type before plotting.
2025-10-23 18:58:54,179 INFO matplotlib.category: Using categorical units to plot a list of strings that are all parsable as floats or dates. If these strings should be plotted as numbers, cast to the appropriate data type before plotting.
2025-10-23 18:58:54,180 INFO matplotlib.category: Using categorical units to plot a list of strings that are all parsable as floats or dates. If these strings should be plotted as numbers, cast to the appropriate data type before plotting.
2025-10-23 19:18:29,381 INFO workpay: App gestartet (v?)
2025-10-23 19:18:37,313 INFO workpay: App gestartet (v?)
2025-10-23 19:29:50,342 INFO workpay: App gestartet (v?)
2025-10-23 19:43:45,784 INFO workpay: App gestartet (v?)
2025-10-23 20:31:08,880 INFO workpay: App gestartet (v?)
2025-10-23 20:53:00,704 INFO workpay: App gestartet (v?)
2025-10-23 20:53:23,545 INFO workpay: App gestartet (v?)
2025-10-23 20:53:58,354 INFO workpay: App gestartet (v?)
2025-10-23 21:32:16,938 INFO workpay: App gestartet (v?)
2025-10-23 21:57:27,762 INFO workpay: App gestartet (v?)
2025-10-23 21:58:16,868 INFO workpay.user.1: {"action": "profile.save", "meta": {"changed": true}}
2025-10-23 21:59:18,366 INFO workpay.user.1: {"action": "absence.decide", "meta": {"request_id": 1, "approve": true}}
2025-10-23 21:59:24,671 INFO workpay.user.1: {"action": "backup.create", "meta": {"file": "E:\\9.0.0.0 PROJEKTE\\0. DEV - PYTHON\\PycharmProjects\\x WorkPay - P1Nky$ W0rk & P@y\\backup.zip"}}
2025-10-23 22:01:17,533 INFO workpay: App gestartet (v?)
2025-10-23 22:24:29,439 INFO workpay: App gestartet (v?)
2025-10-23 22:31:43,706 INFO matplotlib.category: Using categorical units to plot a list of strings that are all parsable as floats or dates. If these strings should be plotted as numbers, cast to the appropriate data type before plotting.
2025-10-23 22:31:43,706 INFO matplotlib.category: Using categorical units to plot a list of strings that are all parsable as floats or dates. If these strings should be plotted as numbers, cast to the appropriate data type before plotting.
2025-10-23 22:32:21,973 INFO matplotlib.category: Using categorical units to plot a list of strings that are all parsable as floats or dates. If these strings should be plotted as numbers, cast to the appropriate data type before plotting.
2025-10-23 22:32:21,973 INFO matplotlib.category: Using categorical units to plot a list of strings that are all parsable as floats or dates. If these strings should be plotted as numbers, cast to the appropriate data type before plotting.
2025-10-23 22:33:01,078 INFO matplotlib.category: Using categorical units to plot a list of strings that are all parsable as floats or dates. If these strings should be plotted as numbers, cast to the appropriate data type before plotting.
2025-10-23 22:33:01,078 INFO matplotlib.category: Using categorical units to plot a list of strings that are all parsable as floats or dates. If these strings should be plotted as numbers, cast to the appropriate data type before plotting.
2025-10-24 00:36:22,074 INFO workpay: App gestartet (v?)
2025-10-24 00:49:36,106 INFO workpay: App gestartet (v?)
2025-10-24 00:49:45,956 INFO matplotlib.category: Using categorical units to plot a list of strings that are all parsable as floats or dates. If these strings should be plotted as numbers, cast to the appropriate data type before plotting.
2025-10-24 00:49:45,956 INFO matplotlib.category: Using categorical units to plot a list of strings that are all parsable as floats or dates. If these strings should be plotted as numbers, cast to the appropriate data type before plotting.
2025-10-24 00:50:52,081 INFO workpay.user.1: {"action": "backup.create", "meta": {"file": "E:\\9.0.0.0 PROJEKTE\\0. DEV - PYTHON\\PycharmProjects\\x WorkPay - P1Nky$ W0rk & P@y\\backup.zip"}}
2025-10-24 01:08:06,117 INFO workpay: App gestartet (v?)
2025-10-24 01:08:09,609 INFO matplotlib.category: Using categorical units to plot a list of strings that are all parsable as floats or dates. If these strings should be plotted as numbers, cast to the appropriate data type before plotting.
2025-10-24 01:08:09,610 INFO matplotlib.category: Using categorical units to plot a list of strings that are all parsable as floats or dates. If these strings should be plotted as numbers, cast to the appropriate data type before plotting.
2025-10-24 01:08:10,771 INFO matplotlib.category: Using categorical units to plot a list of strings that are all parsable as floats or dates. If these strings should be plotted as numbers, cast to the appropriate data type before plotting.
2025-10-24 01:08:10,771 INFO matplotlib.category: Using categorical units to plot a list of strings that are all parsable as floats or dates. If these strings should be plotted as numbers, cast to the appropriate data type before plotting.
2025-10-24 01:11:43,716 INFO matplotlib.category: Using categorical units to plot a list of strings that are all parsable as floats or dates. If these strings should be plotted as numbers, cast to the appropriate data type before plotting.
2025-10-24 01:11:43,716 INFO matplotlib.category: Using categorical units to plot a list of strings that are all parsable as floats or dates. If these strings should be plotted as numbers, cast to the appropriate data type before plotting.
2025-10-24 01:11:54,853 INFO matplotlib.category: Using categorical units to plot a list of strings that are all parsable as floats or dates. If these strings should be plotted as numbers, cast to the appropriate data type before plotting.
2025-10-24 01:11:54,853 INFO matplotlib.category: Using categorical units to plot a list of strings that are all parsable as floats or dates. If these strings should be plotted as numbers, cast to the appropriate data type before plotting.
2025-10-24 01:11:58,426 INFO matplotlib.category: Using categorical units to plot a list of strings that are all parsable as floats or dates. If these strings should be plotted as numbers, cast to the appropriate data type before plotting.
2025-10-24 01:11:58,426 INFO matplotlib.category: Using categorical units to plot a list of strings that are all parsable as floats or dates. If these strings should be plotted as numbers, cast to the appropriate data type before plotting.
2025-10-24 01:12:04,306 INFO matplotlib.category: Using categorical units to plot a list of strings that are all parsable as floats or dates. If these strings should be plotted as numbers, cast to the appropriate data type before plotting.
2025-10-24 01:12:04,306 INFO matplotlib.category: Using categorical units to plot a list of strings that are all parsable as floats or dates. If these strings should be plotted as numbers, cast to the appropriate data type before plotting.
2025-10-24 01:13:08,132 INFO matplotlib.category: Using categorical units to plot a list of strings that are all parsable as floats or dates. If these strings should be plotted as numbers, cast to the appropriate data type before plotting.
2025-10-24 01:13:08,133 INFO matplotlib.category: Using categorical units to plot a list of strings that are all parsable as floats or dates. If these strings should be plotted as numbers, cast to the appropriate data type before plotting.
2025-10-24 01:13:16,839 INFO matplotlib.category: Using categorical units to plot a list of strings that are all parsable as floats or dates. If these strings should be plotted as numbers, cast to the appropriate data type before plotting.
2025-10-24 01:13:16,839 INFO matplotlib.category: Using categorical units to plot a list of strings that are all parsable as floats or dates. If these strings should be plotted as numbers, cast to the appropriate data type before plotting.
2025-10-24 01:14:31,767 INFO workpay.user.1: {"action": "payroll.export_pdf", "meta": {"user_id": 1, "file": "E:/9.0.0.0 PROJEKTE/0. DEV - PYTHON/PycharmProjects/x WorkPay - P1Nky$ W0rk & P@y/Abrechnung_Gasic-Simo_erstellt-am-2025-10-24_von_2025-10-01_bis_2025-11-30.pdf"}}
2025-10-24 01:14:34,418 INFO workpay.user.1: {"action": "payroll.export_xlsx", "meta": {"user_id": 1, "file": "E:/9.0.0.0 PROJEKTE/0. DEV - PYTHON/PycharmProjects/x WorkPay - P1Nky$ W0rk & P@y/Abrechnung_Gasic-Simo_erstellt-am-2025-10-24_von_2025-10-01_bis_2025-11-30.xlsx"}}
2025-10-24 01:14:36,281 INFO workpay.user.1: {"action": "payroll.lock", "meta": {"user_id": 1, "from": "2025-10-01", "to": "2025-11-30", "locked_month": "2025-10"}}
2025-10-24 01:14:47,897 INFO workpay.user.1: {"action": "backup.create", "meta": {"file": "E:\\9.0.0.0 PROJEKTE\\0. DEV - PYTHON\\PycharmProjects\\x WorkPay - P1Nky$ W0rk & P@y\\backup.zip"}}
2025-10-24 01:18:58,248 INFO matplotlib.category: Using categorical units to plot a list of strings that are all parsable as floats or dates. If these strings should be plotted as numbers, cast to the appropriate data type before plotting.
2025-10-24 01:18:58,249 INFO matplotlib.category: Using categorical units to plot a list of strings that are all parsable as floats or dates. If these strings should be plotted as numbers, cast to the appropriate data type before plotting.
2025-10-24 01:19:05,256 INFO matplotlib.category: Using categorical units to plot a list of strings that are all parsable as floats or dates. If these strings should be plotted as numbers, cast to the appropriate data type before plotting.
2025-10-24 01:19:05,256 INFO matplotlib.category: Using categorical units to plot a list of strings that are all parsable as floats or dates. If these strings should be plotted as numbers, cast to the appropriate data type before plotting.
2025-10-24 01:19:07,014 INFO matplotlib.category: Using categorical units to plot a list of strings that are all parsable as floats or dates. If these strings should be plotted as numbers, cast to the appropriate data type before plotting.
2025-10-24 01:19:07,014 INFO matplotlib.category: Using categorical units to plot a list of strings that are all parsable as floats or dates. If these strings should be plotted as numbers, cast to the appropriate data type before plotting.
2025-10-24 01:19:08,064 INFO matplotlib.category: Using categorical units to plot a list of strings that are all parsable as floats or dates. If these strings should be plotted as numbers, cast to the appropriate data type before plotting.
2025-10-24 01:19:08,065 INFO matplotlib.category: Using categorical units to plot a list of strings that are all parsable as floats or dates. If these strings should be plotted as numbers, cast to the appropriate data type before plotting.
2025-10-24 01:19:08,846 INFO matplotlib.category: Using categorical units to plot a list of strings that are all parsable as floats or dates. If these strings should be plotted as numbers, cast to the appropriate data type before plotting.
2025-10-24 01:19:08,846 INFO matplotlib.category: Using categorical units to plot a list of strings that are all parsable as floats or dates. If these strings should be plotted as numbers, cast to the appropriate data type before plotting.
2025-10-24 01:19:09,584 INFO matplotlib.category: Using categorical units to plot a list of strings that are all parsable as floats or dates. If these strings should be plotted as numbers, cast to the appropriate data type before plotting.
2025-10-24 01:19:09,585 INFO matplotlib.category: Using categorical units to plot a list of strings that are all parsable as floats or dates. If these strings should be plotted as numbers, cast to the appropriate data type before plotting.
2025-10-24 01:19:10,260 INFO matplotlib.category: Using categorical units to plot a list of strings that are all parsable as floats or dates. If these strings should be plotted as numbers, cast to the appropriate data type before plotting.
2025-10-24 01:19:10,261 INFO matplotlib.category: Using categorical units to plot a list of strings that are all parsable as floats or dates. If these strings should be plotted as numbers, cast to the appropriate data type before plotting.
2025-10-24 01:19:10,887 INFO matplotlib.category: Using categorical units to plot a list of strings that are all parsable as floats or dates. If these strings should be plotted as numbers, cast to the appropriate data type before plotting.
2025-10-24 01:19:10,888 INFO matplotlib.category: Using categorical units to plot a list of strings that are all parsable as floats or dates. If these strings should be plotted as numbers, cast to the appropriate data type before plotting.
2025-10-24 01:39:29,424 INFO workpay: App gestartet (v?)
2025-10-24 01:51:35,398 INFO workpay: App gestartet (v?)
2025-10-24 01:52:16,387 INFO matplotlib.category: Using categorical units to plot a list of strings that are all parsable as floats or dates. If these strings should be plotted as numbers, cast to the appropriate data type before plotting.
2025-10-24 01:52:16,387 INFO matplotlib.category: Using categorical units to plot a list of strings that are all parsable as floats or dates. If these strings should be plotted as numbers, cast to the appropriate data type before plotting.
2025-10-24 02:01:24,737 INFO workpay: App gestartet (v?)
2025-10-24 02:09:58,695 INFO workpay: App gestartet (v?)
2025-10-24 10:03:53,474 INFO workpay: App gestartet (v?)
2025-10-24 10:24:24,267 INFO workpay: App gestartet (v?)
2025-10-24 10:24:49,916 INFO workpay: App gestartet (v?)
2025-10-24 10:30:36,445 INFO workpay: App gestartet (v?)
2025-10-24 10:45:38,730 INFO workpay: App gestartet (v?)
2025-10-24 10:46:57,800 INFO workpay: App gestartet (v?)
2025-10-24 10:47:42,706 INFO workpay.user.1: {"action": "profile.save", "meta": {"changed": true}}
2025-10-24 10:48:01,723 INFO workpay: App gestartet (v?)
2025-10-24 10:48:19,153 INFO workpay.user.1: {"action": "backup.create", "meta": {"file": "E:\\9.0.0.0 PROJEKTE\\0. DEV - PYTHON\\PycharmProjects\\x WorkPay - P1Nky$ W0rk & P@y\\backup.zip"}}
2025-10-24 10:49:22,143 INFO matplotlib.category: Using categorical units to plot a list of strings that are all parsable as floats or dates. If these strings should be plotted as numbers, cast to the appropriate data type before plotting.
2025-10-24 10:49:22,143 INFO matplotlib.category: Using categorical units to plot a list of strings that are all parsable as floats or dates. If these strings should be plotted as numbers, cast to the appropriate data type before plotting.
2025-10-24 10:49:29,391 INFO workpay.user.1: {"action": "payroll.export_pdf", "meta": {"user_id": 1, "file": "E:/9.0.0.0 PROJEKTE/0. DEV - PYTHON/PycharmProjects/x WorkPay - P1Nky$ W0rk & P@y/Abrechnung_-_erstellt-am-2025-10-24_von_2025-10-01_bis_2025-10-31.pdf"}}
2025-10-24 10:49:38,728 INFO matplotlib.category: Using categorical units to plot a list of strings that are all parsable as floats or dates. If these strings should be plotted as numbers, cast to the appropriate data type before plotting.
2025-10-24 10:49:38,728 INFO matplotlib.category: Using categorical units to plot a list of strings that are all parsable as floats or dates. If these strings should be plotted as numbers, cast to the appropriate data type before plotting.
2025-10-24 10:49:42,041 INFO matplotlib.category: Using categorical units to plot a list of strings that are all parsable as floats or dates. If these strings should be plotted as numbers, cast to the appropriate data type before plotting.
2025-10-24 10:49:42,041 INFO matplotlib.category: Using categorical units to plot a list of strings that are all parsable as floats or dates. If these strings should be plotted as numbers, cast to the appropriate data type before plotting.
2025-10-24 10:49:49,882 INFO matplotlib.category: Using categorical units to plot a list of strings that are all parsable as floats or dates. If these strings should be plotted as numbers, cast to the appropriate data type before plotting.
2025-10-24 10:49:49,883 INFO matplotlib.category: Using categorical units to plot a list of strings that are all parsable as floats or dates. If these strings should be plotted as numbers, cast to the appropriate data type before plotting.
2025-10-24 10:49:54,441 INFO matplotlib.category: Using categorical units to plot a list of strings that are all parsable as floats or dates. If these strings should be plotted as numbers, cast to the appropriate data type before plotting.
2025-10-24 10:49:54,442 INFO matplotlib.category: Using categorical units to plot a list of strings that are all parsable as floats or dates. If these strings should be plotted as numbers, cast to the appropriate data type before plotting.
2025-10-24 11:05:18,407 INFO workpay: App gestartet (v?)
2025-10-24 11:05:22,022 INFO matplotlib.category: Using categorical units to plot a list of strings that are all parsable as floats or dates. If these strings should be plotted as numbers, cast to the appropriate data type before plotting.
2025-10-24 11:05:22,022 INFO matplotlib.category: Using categorical units to plot a list of strings that are all parsable as floats or dates. If these strings should be plotted as numbers, cast to the appropriate data type before plotting.
2025-10-24 11:07:00,277 ERROR workpay.errors: Fehler beim Wiederherstellen
Traceback (most recent call last):
  File "E:\9.0.0.0 PROJEKTE\0. DEV - PYTHON\PycharmProjects\x WorkPay - P1Nky$ W0rk & P@y\.venv\Lib\site-packages\sqlalchemy\engine\base.py", line 1967, in _exec_single_context
    self.dialect.do_execute(
  File "E:\9.0.0.0 PROJEKTE\0. DEV - PYTHON\PycharmProjects\x WorkPay - P1Nky$ W0rk & P@y\.venv\Lib\site-packages\sqlalchemy\engine\default.py", line 951, in do_execute
    cursor.execute(statement, parameters)
sqlite3.IntegrityError: NOT NULL constraint failed: audit_logs.created_at

The above exception was the direct cause of the following exception:

Traceback (most recent call last):
  File "E:\9.0.0.0 PROJEKTE\0. DEV - PYTHON\PycharmProjects\x WorkPay - P1Nky$ W0rk & P@y\ui\backup_restore_dialog.py", line 57, in _do_restore
    restore_backup(s, self.db_url, Path(DATA_DIR), Path(path), self.user_id)
  File "E:\9.0.0.0 PROJEKTE\0. DEV - PYTHON\PycharmProjects\x WorkPay - P1Nky$ W0rk & P@y\core\services\backup_service.py", line 67, in restore_backup
    log_action(session, user_id, "RESTORE", "System", after={"file": str(zip_file)})
  File "E:\9.0.0.0 PROJEKTE\0. DEV - PYTHON\PycharmProjects\x WorkPay - P1Nky$ W0rk & P@y\core\services\audit_service.py", line 22, in log_action
    session.commit()
  File "E:\9.0.0.0 PROJEKTE\0. DEV - PYTHON\PycharmProjects\x WorkPay - P1Nky$ W0rk & P@y\.venv\Lib\site-packages\sqlalchemy\orm\session.py", line 2030, in commit
    trans.commit(_to_root=True)
  File "<string>", line 2, in commit
  File "E:\9.0.0.0 PROJEKTE\0. DEV - PYTHON\PycharmProjects\x WorkPay - P1Nky$ W0rk & P@y\.venv\Lib\site-packages\sqlalchemy\orm\state_changes.py", line 137, in _go
    ret_value = fn(self, *arg, **kw)
                ^^^^^^^^^^^^^^^^^^^^
  File "E:\9.0.0.0 PROJEKTE\0. DEV - PYTHON\PycharmProjects\x WorkPay - P1Nky$ W0rk & P@y\.venv\Lib\site-packages\sqlalchemy\orm\session.py", line 1311, in commit
    self._prepare_impl()
  File "<string>", line 2, in _prepare_impl
  File "E:\9.0.0.0 PROJEKTE\0. DEV - PYTHON\PycharmProjects\x WorkPay - P1Nky$ W0rk & P@y\.venv\Lib\site-packages\sqlalchemy\orm\state_changes.py", line 137, in _go
    ret_value = fn(self, *arg, **kw)
                ^^^^^^^^^^^^^^^^^^^^
  File "E:\9.0.0.0 PROJEKTE\0. DEV - PYTHON\PycharmProjects\x WorkPay - P1Nky$ W0rk & P@y\.venv\Lib\site-packages\sqlalchemy\orm\session.py", line 1286, in _prepare_impl
    self.session.flush()
  File "E:\9.0.0.0 PROJEKTE\0. DEV - PYTHON\PycharmProjects\x WorkPay - P1Nky$ W0rk & P@y\.venv\Lib\site-packages\sqlalchemy\orm\session.py", line 4331, in flush
    self._flush(objects)
  File "E:\9.0.0.0 PROJEKTE\0. DEV - PYTHON\PycharmProjects\x WorkPay - P1Nky$ W0rk & P@y\.venv\Lib\site-packages\sqlalchemy\orm\session.py", line 4466, in _flush
    with util.safe_reraise():
         ^^^^^^^^^^^^^^^^^^^
  File "E:\9.0.0.0 PROJEKTE\0. DEV - PYTHON\PycharmProjects\x WorkPay - P1Nky$ W0rk & P@y\.venv\Lib\site-packages\sqlalchemy\util\langhelpers.py", line 224, in __exit__
    raise exc_value.with_traceback(exc_tb)
  File "E:\9.0.0.0 PROJEKTE\0. DEV - PYTHON\PycharmProjects\x WorkPay - P1Nky$ W0rk & P@y\.venv\Lib\site-packages\sqlalchemy\orm\session.py", line 4427, in _flush
    flush_context.execute()
  File "E:\9.0.0.0 PROJEKTE\0. DEV - PYTHON\PycharmProjects\x WorkPay - P1Nky$ W0rk & P@y\.venv\Lib\site-packages\sqlalchemy\orm\unitofwork.py", line 466, in execute
    rec.execute(self)
  File "E:\9.0.0.0 PROJEKTE\0. DEV - PYTHON\PycharmProjects\x WorkPay - P1Nky$ W0rk & P@y\.venv\Lib\site-packages\sqlalchemy\orm\unitofwork.py", line 642, in execute
    util.preloaded.orm_persistence.save_obj(
  File "E:\9.0.0.0 PROJEKTE\0. DEV - PYTHON\PycharmProjects\x WorkPay - P1Nky$ W0rk & P@y\.venv\Lib\site-packages\sqlalchemy\orm\persistence.py", line 93, in save_obj
    _emit_insert_statements(
  File "E:\9.0.0.0 PROJEKTE\0. DEV - PYTHON\PycharmProjects\x WorkPay - P1Nky$ W0rk & P@y\.venv\Lib\site-packages\sqlalchemy\orm\persistence.py", line 1233, in _emit_insert_statements
    result = connection.execute(
             ^^^^^^^^^^^^^^^^^^^
  File "E:\9.0.0.0 PROJEKTE\0. DEV - PYTHON\PycharmProjects\x WorkPay - P1Nky$ W0rk & P@y\.venv\Lib\site-packages\sqlalchemy\engine\base.py", line 1419, in execute
    return meth(
           ^^^^^
  File "E:\9.0.0.0 PROJEKTE\0. DEV - PYTHON\PycharmProjects\x WorkPay - P1Nky$ W0rk & P@y\.venv\Lib\site-packages\sqlalchemy\sql\elements.py", line 526, in _execute_on_connection
    return connection._execute_clauseelement(
           ^^^^^^^^^^^^^^^^^^^^^^^^^^^^^^^^^^
  File "E:\9.0.0.0 PROJEKTE\0. DEV - PYTHON\PycharmProjects\x WorkPay - P1Nky$ W0rk & P@y\.venv\Lib\site-packages\sqlalchemy\engine\base.py", line 1641, in _execute_clauseelement
    ret = self._execute_context(
          ^^^^^^^^^^^^^^^^^^^^^^
  File "E:\9.0.0.0 PROJEKTE\0. DEV - PYTHON\PycharmProjects\x WorkPay - P1Nky$ W0rk & P@y\.venv\Lib\site-packages\sqlalchemy\engine\base.py", line 1846, in _execute_context
    return self._exec_single_context(
           ^^^^^^^^^^^^^^^^^^^^^^^^^^
  File "E:\9.0.0.0 PROJEKTE\0. DEV - PYTHON\PycharmProjects\x WorkPay - P1Nky$ W0rk & P@y\.venv\Lib\site-packages\sqlalchemy\engine\base.py", line 1986, in _exec_single_context
    self._handle_dbapi_exception(
  File "E:\9.0.0.0 PROJEKTE\0. DEV - PYTHON\PycharmProjects\x WorkPay - P1Nky$ W0rk & P@y\.venv\Lib\site-packages\sqlalchemy\engine\base.py", line 2355, in _handle_dbapi_exception
    raise sqlalchemy_exception.with_traceback(exc_info[2]) from e
  File "E:\9.0.0.0 PROJEKTE\0. DEV - PYTHON\PycharmProjects\x WorkPay - P1Nky$ W0rk & P@y\.venv\Lib\site-packages\sqlalchemy\engine\base.py", line 1967, in _exec_single_context
    self.dialect.do_execute(
  File "E:\9.0.0.0 PROJEKTE\0. DEV - PYTHON\PycharmProjects\x WorkPay - P1Nky$ W0rk & P@y\.venv\Lib\site-packages\sqlalchemy\engine\default.py", line 951, in do_execute
    cursor.execute(statement, parameters)
sqlalchemy.exc.IntegrityError: (sqlite3.IntegrityError) NOT NULL constraint failed: audit_logs.created_at
[SQL: INSERT INTO audit_logs (user_id, action, entity, entity_id, before_json, after_json, ip_addr) VALUES (?, ?, ?, ?, ?, ?, ?) RETURNING id, created_at]
[parameters: (1, 'RESTORE', 'System', None, None, '{"file": "E:\\\\9.0.0.0 PROJEKTE\\\\0. DEV - PYTHON\\\\PycharmProjects\\\\x WorkPay - P1Nky$ W0rk & P@y\\\\.Backup\\\\backup.zip"}', None)]
(Background on this error at: https://sqlalche.me/e/20/gkpj)
2025-10-24 11:07:23,167 INFO workpay: App gestartet (v?)
2025-10-24 11:08:13,994 INFO workpay: App gestartet (v?)
2025-10-24 11:08:18,395 INFO matplotlib.category: Using categorical units to plot a list of strings that are all parsable as floats or dates. If these strings should be plotted as numbers, cast to the appropriate data type before plotting.
2025-10-24 11:08:18,395 INFO matplotlib.category: Using categorical units to plot a list of strings that are all parsable as floats or dates. If these strings should be plotted as numbers, cast to the appropriate data type before plotting.
2025-10-24 11:41:18,432 INFO workpay: App gestartet (v?)
2025-10-24 11:41:21,880 INFO matplotlib.category: Using categorical units to plot a list of strings that are all parsable as floats or dates. If these strings should be plotted as numbers, cast to the appropriate data type before plotting.
2025-10-24 11:41:21,881 INFO matplotlib.category: Using categorical units to plot a list of strings that are all parsable as floats or dates. If these strings should be plotted as numbers, cast to the appropriate data type before plotting.
2025-10-24 11:41:30,055 INFO matplotlib.category: Using categorical units to plot a list of strings that are all parsable as floats or dates. If these strings should be plotted as numbers, cast to the appropriate data type before plotting.
2025-10-24 11:41:30,055 INFO matplotlib.category: Using categorical units to plot a list of strings that are all parsable as floats or dates. If these strings should be plotted as numbers, cast to the appropriate data type before plotting.
2025-10-24 11:41:51,939 INFO matplotlib.category: Using categorical units to plot a list of strings that are all parsable as floats or dates. If these strings should be plotted as numbers, cast to the appropriate data type before plotting.
2025-10-24 11:41:51,939 INFO matplotlib.category: Using categorical units to plot a list of strings that are all parsable as floats or dates. If these strings should be plotted as numbers, cast to the appropriate data type before plotting.
2025-10-24 11:41:54,164 INFO matplotlib.category: Using categorical units to plot a list of strings that are all parsable as floats or dates. If these strings should be plotted as numbers, cast to the appropriate data type before plotting.
2025-10-24 11:41:54,164 INFO matplotlib.category: Using categorical units to plot a list of strings that are all parsable as floats or dates. If these strings should be plotted as numbers, cast to the appropriate data type before plotting.
2025-10-24 11:42:19,440 INFO workpay: App gestartet (v?)
2025-10-24 11:42:45,822 INFO matplotlib.category: Using categorical units to plot a list of strings that are all parsable as floats or dates. If these strings should be plotted as numbers, cast to the appropriate data type before plotting.
2025-10-24 11:42:45,823 INFO matplotlib.category: Using categorical units to plot a list of strings that are all parsable as floats or dates. If these strings should be plotted as numbers, cast to the appropriate data type before plotting.
2025-10-24 11:42:48,524 INFO matplotlib.category: Using categorical units to plot a list of strings that are all parsable as floats or dates. If these strings should be plotted as numbers, cast to the appropriate data type before plotting.
2025-10-24 11:42:48,524 INFO matplotlib.category: Using categorical units to plot a list of strings that are all parsable as floats or dates. If these strings should be plotted as numbers, cast to the appropriate data type before plotting.
2025-10-24 11:42:52,536 INFO matplotlib.category: Using categorical units to plot a list of strings that are all parsable as floats or dates. If these strings should be plotted as numbers, cast to the appropriate data type before plotting.
2025-10-24 11:42:52,537 INFO matplotlib.category: Using categorical units to plot a list of strings that are all parsable as floats or dates. If these strings should be plotted as numbers, cast to the appropriate data type before plotting.
2025-10-24 11:42:54,592 INFO matplotlib.category: Using categorical units to plot a list of strings that are all parsable as floats or dates. If these strings should be plotted as numbers, cast to the appropriate data type before plotting.
2025-10-24 11:42:54,592 INFO matplotlib.category: Using categorical units to plot a list of strings that are all parsable as floats or dates. If these strings should be plotted as numbers, cast to the appropriate data type before plotting.
2025-10-24 11:42:56,757 INFO matplotlib.category: Using categorical units to plot a list of strings that are all parsable as floats or dates. If these strings should be plotted as numbers, cast to the appropriate data type before plotting.
2025-10-24 11:42:56,757 INFO matplotlib.category: Using categorical units to plot a list of strings that are all parsable as floats or dates. If these strings should be plotted as numbers, cast to the appropriate data type before plotting.
2025-10-24 11:42:59,161 INFO matplotlib.category: Using categorical units to plot a list of strings that are all parsable as floats or dates. If these strings should be plotted as numbers, cast to the appropriate data type before plotting.
2025-10-24 11:42:59,161 INFO matplotlib.category: Using categorical units to plot a list of strings that are all parsable as floats or dates. If these strings should be plotted as numbers, cast to the appropriate data type before plotting.
2025-10-24 11:43:01,180 INFO matplotlib.category: Using categorical units to plot a list of strings that are all parsable as floats or dates. If these strings should be plotted as numbers, cast to the appropriate data type before plotting.
2025-10-24 11:43:01,180 INFO matplotlib.category: Using categorical units to plot a list of strings that are all parsable as floats or dates. If these strings should be plotted as numbers, cast to the appropriate data type before plotting.
2025-10-24 11:43:03,177 INFO matplotlib.category: Using categorical units to plot a list of strings that are all parsable as floats or dates. If these strings should be plotted as numbers, cast to the appropriate data type before plotting.
2025-10-24 11:43:03,179 INFO matplotlib.category: Using categorical units to plot a list of strings that are all parsable as floats or dates. If these strings should be plotted as numbers, cast to the appropriate data type before plotting.
2025-10-24 11:43:05,446 INFO matplotlib.category: Using categorical units to plot a list of strings that are all parsable as floats or dates. If these strings should be plotted as numbers, cast to the appropriate data type before plotting.
2025-10-24 11:43:05,446 INFO matplotlib.category: Using categorical units to plot a list of strings that are all parsable as floats or dates. If these strings should be plotted as numbers, cast to the appropriate data type before plotting.
2025-10-24 11:43:07,598 INFO matplotlib.category: Using categorical units to plot a list of strings that are all parsable as floats or dates. If these strings should be plotted as numbers, cast to the appropriate data type before plotting.
2025-10-24 11:43:07,598 INFO matplotlib.category: Using categorical units to plot a list of strings that are all parsable as floats or dates. If these strings should be plotted as numbers, cast to the appropriate data type before plotting.
2025-10-24 11:43:10,078 INFO matplotlib.category: Using categorical units to plot a list of strings that are all parsable as floats or dates. If these strings should be plotted as numbers, cast to the appropriate data type before plotting.
2025-10-24 11:43:10,078 INFO matplotlib.category: Using categorical units to plot a list of strings that are all parsable as floats or dates. If these strings should be plotted as numbers, cast to the appropriate data type before plotting.
2025-10-24 11:43:12,356 INFO matplotlib.category: Using categorical units to plot a list of strings that are all parsable as floats or dates. If these strings should be plotted as numbers, cast to the appropriate data type before plotting.
2025-10-24 11:43:12,356 INFO matplotlib.category: Using categorical units to plot a list of strings that are all parsable as floats or dates. If these strings should be plotted as numbers, cast to the appropriate data type before plotting.
2025-10-24 11:43:14,412 INFO matplotlib.category: Using categorical units to plot a list of strings that are all parsable as floats or dates. If these strings should be plotted as numbers, cast to the appropriate data type before plotting.
2025-10-24 11:43:14,412 INFO matplotlib.category: Using categorical units to plot a list of strings that are all parsable as floats or dates. If these strings should be plotted as numbers, cast to the appropriate data type before plotting.
2025-10-24 11:43:17,017 INFO matplotlib.category: Using categorical units to plot a list of strings that are all parsable as floats or dates. If these strings should be plotted as numbers, cast to the appropriate data type before plotting.
2025-10-24 11:43:17,017 INFO matplotlib.category: Using categorical units to plot a list of strings that are all parsable as floats or dates. If these strings should be plotted as numbers, cast to the appropriate data type before plotting.
2025-10-24 11:43:19,067 INFO matplotlib.category: Using categorical units to plot a list of strings that are all parsable as floats or dates. If these strings should be plotted as numbers, cast to the appropriate data type before plotting.
2025-10-24 11:43:19,068 INFO matplotlib.category: Using categorical units to plot a list of strings that are all parsable as floats or dates. If these strings should be plotted as numbers, cast to the appropriate data type before plotting.
2025-10-24 11:43:21,150 INFO matplotlib.category: Using categorical units to plot a list of strings that are all parsable as floats or dates. If these strings should be plotted as numbers, cast to the appropriate data type before plotting.
2025-10-24 11:43:21,150 INFO matplotlib.category: Using categorical units to plot a list of strings that are all parsable as floats or dates. If these strings should be plotted as numbers, cast to the appropriate data type before plotting.
2025-10-24 11:43:23,029 INFO matplotlib.category: Using categorical units to plot a list of strings that are all parsable as floats or dates. If these strings should be plotted as numbers, cast to the appropriate data type before plotting.
2025-10-24 11:43:23,029 INFO matplotlib.category: Using categorical units to plot a list of strings that are all parsable as floats or dates. If these strings should be plotted as numbers, cast to the appropriate data type before plotting.
2025-10-24 11:43:43,112 INFO workpay.user.1: {"action": "payroll.export_pdf", "meta": {"user_id": 1, "file": "E:/9.0.0.0 PROJEKTE/0. DEV - PYTHON/PycharmProjects/x WorkPay - P1Nky$ W0rk & P@y/Abrechnung_-_erstellt-am-2025-10-24_von_2025-10-01_bis_2025-10-31.pdf"}}
2025-10-24 11:44:27,374 INFO workpay.user.1: {"action": "backup.create", "meta": {"file": "E:\\9.0.0.0 PROJEKTE\\0. DEV - PYTHON\\PycharmProjects\\x WorkPay - P1Nky$ W0rk & P@y\\backup.zip"}}
2025-10-24 23:37:08,361 INFO workpay: App gestartet (v?)
2025-10-24 23:37:17,741 INFO matplotlib.category: Using categorical units to plot a list of strings that are all parsable as floats or dates. If these strings should be plotted as numbers, cast to the appropriate data type before plotting.
2025-10-24 23:37:17,741 INFO matplotlib.category: Using categorical units to plot a list of strings that are all parsable as floats or dates. If these strings should be plotted as numbers, cast to the appropriate data type before plotting.
2025-10-24 23:37:21,349 INFO matplotlib.category: Using categorical units to plot a list of strings that are all parsable as floats or dates. If these strings should be plotted as numbers, cast to the appropriate data type before plotting.
2025-10-24 23:37:21,350 INFO matplotlib.category: Using categorical units to plot a list of strings that are all parsable as floats or dates. If these strings should be plotted as numbers, cast to the appropriate data type before plotting.
2025-10-24 23:37:35,726 INFO workpay.user.1: {"action": "payroll.export_pdf", "meta": {"user_id": 1, "file": "E:/9.0.0.0 PROJEKTE/0. DEV - PYTHON/PycharmProjects/x WorkPay - P1Nky$ W0rk & P@y/Abrechnung_-_erstellt-am-2025-10-24_von_2025-10-01_bis_2025-10-31.pdf"}}
2025-10-26 20:07:51,754 INFO workpay: App gestartet (v?)
2025-10-26 20:07:56,457 INFO matplotlib.category: Using categorical units to plot a list of strings that are all parsable as floats or dates. If these strings should be plotted as numbers, cast to the appropriate data type before plotting.
2025-10-26 20:07:56,459 INFO matplotlib.category: Using categorical units to plot a list of strings that are all parsable as floats or dates. If these strings should be plotted as numbers, cast to the appropriate data type before plotting.
2025-10-26 20:10:18,664 INFO workpay.user.1: {"action": "profile.save", "meta": {"changed": true}}
2025-10-26 20:12:18,830 INFO workpay.user.1: {"action": "backup.create", "meta": {"file": "E:\\9.0.0.0 PROJEKTE\\0. DEV - PYTHON\\PycharmProjects\\x WorkPay - P1Nky$ W0rk & P@y\\backup.zip"}}
2025-10-26 20:12:43,886 INFO matplotlib.category: Using categorical units to plot a list of strings that are all parsable as floats or dates. If these strings should be plotted as numbers, cast to the appropriate data type before plotting.
2025-10-26 20:12:43,886 INFO matplotlib.category: Using categorical units to plot a list of strings that are all parsable as floats or dates. If these strings should be plotted as numbers, cast to the appropriate data type before plotting.
2025-10-26 20:13:38,497 INFO matplotlib.category: Using categorical units to plot a list of strings that are all parsable as floats or dates. If these strings should be plotted as numbers, cast to the appropriate data type before plotting.
2025-10-26 20:13:38,497 INFO matplotlib.category: Using categorical units to plot a list of strings that are all parsable as floats or dates. If these strings should be plotted as numbers, cast to the appropriate data type before plotting.
2025-10-26 20:14:27,676 INFO matplotlib.category: Using categorical units to plot a list of strings that are all parsable as floats or dates. If these strings should be plotted as numbers, cast to the appropriate data type before plotting.
2025-10-26 20:14:27,677 INFO matplotlib.category: Using categorical units to plot a list of strings that are all parsable as floats or dates. If these strings should be plotted as numbers, cast to the appropriate data type before plotting.
2025-10-26 20:14:27,745 INFO matplotlib.category: Using categorical units to plot a list of strings that are all parsable as floats or dates. If these strings should be plotted as numbers, cast to the appropriate data type before plotting.
2025-10-26 20:14:27,746 INFO matplotlib.category: Using categorical units to plot a list of strings that are all parsable as floats or dates. If these strings should be plotted as numbers, cast to the appropriate data type before plotting.
2025-10-26 20:14:28,556 INFO matplotlib.category: Using categorical units to plot a list of strings that are all parsable as floats or dates. If these strings should be plotted as numbers, cast to the appropriate data type before plotting.
2025-10-26 20:14:28,556 INFO matplotlib.category: Using categorical units to plot a list of strings that are all parsable as floats or dates. If these strings should be plotted as numbers, cast to the appropriate data type before plotting.
2025-10-26 20:14:28,614 INFO matplotlib.category: Using categorical units to plot a list of strings that are all parsable as floats or dates. If these strings should be plotted as numbers, cast to the appropriate data type before plotting.
2025-10-26 20:14:28,614 INFO matplotlib.category: Using categorical units to plot a list of strings that are all parsable as floats or dates. If these strings should be plotted as numbers, cast to the appropriate data type before plotting.
2025-10-26 20:14:36,412 INFO matplotlib.category: Using categorical units to plot a list of strings that are all parsable as floats or dates. If these strings should be plotted as numbers, cast to the appropriate data type before plotting.
2025-10-26 20:14:36,412 INFO matplotlib.category: Using categorical units to plot a list of strings that are all parsable as floats or dates. If these strings should be plotted as numbers, cast to the appropriate data type before plotting.
2025-10-26 20:14:42,223 INFO matplotlib.category: Using categorical units to plot a list of strings that are all parsable as floats or dates. If these strings should be plotted as numbers, cast to the appropriate data type before plotting.
2025-10-26 20:14:42,223 INFO matplotlib.category: Using categorical units to plot a list of strings that are all parsable as floats or dates. If these strings should be plotted as numbers, cast to the appropriate data type before plotting.
2025-10-26 20:14:43,800 INFO matplotlib.category: Using categorical units to plot a list of strings that are all parsable as floats or dates. If these strings should be plotted as numbers, cast to the appropriate data type before plotting.
2025-10-26 20:14:43,800 INFO matplotlib.category: Using categorical units to plot a list of strings that are all parsable as floats or dates. If these strings should be plotted as numbers, cast to the appropriate data type before plotting.
2025-10-26 20:14:48,088 INFO matplotlib.category: Using categorical units to plot a list of strings that are all parsable as floats or dates. If these strings should be plotted as numbers, cast to the appropriate data type before plotting.
2025-10-26 20:14:48,088 INFO matplotlib.category: Using categorical units to plot a list of strings that are all parsable as floats or dates. If these strings should be plotted as numbers, cast to the appropriate data type before plotting.
2025-10-26 20:14:48,157 INFO matplotlib.category: Using categorical units to plot a list of strings that are all parsable as floats or dates. If these strings should be plotted as numbers, cast to the appropriate data type before plotting.
2025-10-26 20:14:48,157 INFO matplotlib.category: Using categorical units to plot a list of strings that are all parsable as floats or dates. If these strings should be plotted as numbers, cast to the appropriate data type before plotting.
2025-10-26 20:15:10,551 INFO matplotlib.category: Using categorical units to plot a list of strings that are all parsable as floats or dates. If these strings should be plotted as numbers, cast to the appropriate data type before plotting.
2025-10-26 20:15:10,552 INFO matplotlib.category: Using categorical units to plot a list of strings that are all parsable as floats or dates. If these strings should be plotted as numbers, cast to the appropriate data type before plotting.
2025-10-26 20:15:19,502 INFO matplotlib.category: Using categorical units to plot a list of strings that are all parsable as floats or dates. If these strings should be plotted as numbers, cast to the appropriate data type before plotting.
2025-10-26 20:15:19,503 INFO matplotlib.category: Using categorical units to plot a list of strings that are all parsable as floats or dates. If these strings should be plotted as numbers, cast to the appropriate data type before plotting.
2025-10-26 20:15:34,541 INFO matplotlib.category: Using categorical units to plot a list of strings that are all parsable as floats or dates. If these strings should be plotted as numbers, cast to the appropriate data type before plotting.
2025-10-26 20:15:34,542 INFO matplotlib.category: Using categorical units to plot a list of strings that are all parsable as floats or dates. If these strings should be plotted as numbers, cast to the appropriate data type before plotting.
2025-10-26 20:15:46,136 INFO matplotlib.category: Using categorical units to plot a list of strings that are all parsable as floats or dates. If these strings should be plotted as numbers, cast to the appropriate data type before plotting.
2025-10-26 20:15:46,136 INFO matplotlib.category: Using categorical units to plot a list of strings that are all parsable as floats or dates. If these strings should be plotted as numbers, cast to the appropriate data type before plotting.
2025-10-26 20:15:54,451 INFO matplotlib.category: Using categorical units to plot a list of strings that are all parsable as floats or dates. If these strings should be plotted as numbers, cast to the appropriate data type before plotting.
2025-10-26 20:15:54,452 INFO matplotlib.category: Using categorical units to plot a list of strings that are all parsable as floats or dates. If these strings should be plotted as numbers, cast to the appropriate data type before plotting.
2025-10-26 20:18:59,184 INFO matplotlib.category: Using categorical units to plot a list of strings that are all parsable as floats or dates. If these strings should be plotted as numbers, cast to the appropriate data type before plotting.
2025-10-26 20:18:59,184 INFO matplotlib.category: Using categorical units to plot a list of strings that are all parsable as floats or dates. If these strings should be plotted as numbers, cast to the appropriate data type before plotting.
2025-10-26 20:18:59,250 INFO matplotlib.category: Using categorical units to plot a list of strings that are all parsable as floats or dates. If these strings should be plotted as numbers, cast to the appropriate data type before plotting.
2025-10-26 20:18:59,250 INFO matplotlib.category: Using categorical units to plot a list of strings that are all parsable as floats or dates. If these strings should be plotted as numbers, cast to the appropriate data type before plotting.
2025-10-26 20:18:59,856 INFO matplotlib.category: Using categorical units to plot a list of strings that are all parsable as floats or dates. If these strings should be plotted as numbers, cast to the appropriate data type before plotting.
2025-10-26 20:18:59,856 INFO matplotlib.category: Using categorical units to plot a list of strings that are all parsable as floats or dates. If these strings should be plotted as numbers, cast to the appropriate data type before plotting.
2025-10-26 20:18:59,919 INFO matplotlib.category: Using categorical units to plot a list of strings that are all parsable as floats or dates. If these strings should be plotted as numbers, cast to the appropriate data type before plotting.
2025-10-26 20:18:59,920 INFO matplotlib.category: Using categorical units to plot a list of strings that are all parsable as floats or dates. If these strings should be plotted as numbers, cast to the appropriate data type before plotting.
2025-10-26 20:19:00,224 INFO matplotlib.category: Using categorical units to plot a list of strings that are all parsable as floats or dates. If these strings should be plotted as numbers, cast to the appropriate data type before plotting.
2025-10-26 20:19:00,224 INFO matplotlib.category: Using categorical units to plot a list of strings that are all parsable as floats or dates. If these strings should be plotted as numbers, cast to the appropriate data type before plotting.
2025-10-26 20:19:00,292 INFO matplotlib.category: Using categorical units to plot a list of strings that are all parsable as floats or dates. If these strings should be plotted as numbers, cast to the appropriate data type before plotting.
2025-10-26 20:19:00,292 INFO matplotlib.category: Using categorical units to plot a list of strings that are all parsable as floats or dates. If these strings should be plotted as numbers, cast to the appropriate data type before plotting.
2025-10-26 20:19:00,692 INFO matplotlib.category: Using categorical units to plot a list of strings that are all parsable as floats or dates. If these strings should be plotted as numbers, cast to the appropriate data type before plotting.
2025-10-26 20:19:00,692 INFO matplotlib.category: Using categorical units to plot a list of strings that are all parsable as floats or dates. If these strings should be plotted as numbers, cast to the appropriate data type before plotting.
2025-10-26 20:19:00,756 INFO matplotlib.category: Using categorical units to plot a list of strings that are all parsable as floats or dates. If these strings should be plotted as numbers, cast to the appropriate data type before plotting.
2025-10-26 20:19:00,756 INFO matplotlib.category: Using categorical units to plot a list of strings that are all parsable as floats or dates. If these strings should be plotted as numbers, cast to the appropriate data type before plotting.
2025-10-26 20:19:01,056 INFO matplotlib.category: Using categorical units to plot a list of strings that are all parsable as floats or dates. If these strings should be plotted as numbers, cast to the appropriate data type before plotting.
2025-10-26 20:19:01,057 INFO matplotlib.category: Using categorical units to plot a list of strings that are all parsable as floats or dates. If these strings should be plotted as numbers, cast to the appropriate data type before plotting.
2025-10-26 20:19:01,118 INFO matplotlib.category: Using categorical units to plot a list of strings that are all parsable as floats or dates. If these strings should be plotted as numbers, cast to the appropriate data type before plotting.
2025-10-26 20:19:01,118 INFO matplotlib.category: Using categorical units to plot a list of strings that are all parsable as floats or dates. If these strings should be plotted as numbers, cast to the appropriate data type before plotting.
2025-10-26 20:19:01,367 INFO matplotlib.category: Using categorical units to plot a list of strings that are all parsable as floats or dates. If these strings should be plotted as numbers, cast to the appropriate data type before plotting.
2025-10-26 20:19:01,367 INFO matplotlib.category: Using categorical units to plot a list of strings that are all parsable as floats or dates. If these strings should be plotted as numbers, cast to the appropriate data type before plotting.
2025-10-26 20:19:01,430 INFO matplotlib.category: Using categorical units to plot a list of strings that are all parsable as floats or dates. If these strings should be plotted as numbers, cast to the appropriate data type before plotting.
2025-10-26 20:19:01,431 INFO matplotlib.category: Using categorical units to plot a list of strings that are all parsable as floats or dates. If these strings should be plotted as numbers, cast to the appropriate data type before plotting.
2025-10-26 20:19:03,104 INFO matplotlib.category: Using categorical units to plot a list of strings that are all parsable as floats or dates. If these strings should be plotted as numbers, cast to the appropriate data type before plotting.
2025-10-26 20:19:03,104 INFO matplotlib.category: Using categorical units to plot a list of strings that are all parsable as floats or dates. If these strings should be plotted as numbers, cast to the appropriate data type before plotting.
2025-10-26 20:19:03,197 INFO matplotlib.category: Using categorical units to plot a list of strings that are all parsable as floats or dates. If these strings should be plotted as numbers, cast to the appropriate data type before plotting.
2025-10-26 20:19:03,197 INFO matplotlib.category: Using categorical units to plot a list of strings that are all parsable as floats or dates. If these strings should be plotted as numbers, cast to the appropriate data type before plotting.
2025-10-26 20:29:28,966 INFO workpay: App gestartet (v?)
2025-10-26 20:29:37,830 INFO matplotlib.category: Using categorical units to plot a list of strings that are all parsable as floats or dates. If these strings should be plotted as numbers, cast to the appropriate data type before plotting.
2025-10-26 20:29:37,830 INFO matplotlib.category: Using categorical units to plot a list of strings that are all parsable as floats or dates. If these strings should be plotted as numbers, cast to the appropriate data type before plotting.
2025-10-26 20:30:28,028 INFO matplotlib.category: Using categorical units to plot a list of strings that are all parsable as floats or dates. If these strings should be plotted as numbers, cast to the appropriate data type before plotting.
2025-10-26 20:30:28,028 INFO matplotlib.category: Using categorical units to plot a list of strings that are all parsable as floats or dates. If these strings should be plotted as numbers, cast to the appropriate data type before plotting.
2025-10-26 20:36:20,306 INFO workpay: App gestartet (v?)
2025-10-26 20:36:23,678 INFO matplotlib.category: Using categorical units to plot a list of strings that are all parsable as floats or dates. If these strings should be plotted as numbers, cast to the appropriate data type before plotting.
2025-10-26 20:36:23,678 INFO matplotlib.category: Using categorical units to plot a list of strings that are all parsable as floats or dates. If these strings should be plotted as numbers, cast to the appropriate data type before plotting.
2025-10-26 20:37:12,537 INFO matplotlib.category: Using categorical units to plot a list of strings that are all parsable as floats or dates. If these strings should be plotted as numbers, cast to the appropriate data type before plotting.
2025-10-26 20:37:12,538 INFO matplotlib.category: Using categorical units to plot a list of strings that are all parsable as floats or dates. If these strings should be plotted as numbers, cast to the appropriate data type before plotting.
2025-10-26 22:26:25,824 INFO workpay: App gestartet (v?)
2025-10-26 22:26:28,718 INFO matplotlib.category: Using categorical units to plot a list of strings that are all parsable as floats or dates. If these strings should be plotted as numbers, cast to the appropriate data type before plotting.
2025-10-26 22:26:28,719 INFO matplotlib.category: Using categorical units to plot a list of strings that are all parsable as floats or dates. If these strings should be plotted as numbers, cast to the appropriate data type before plotting.
2025-10-26 22:26:33,044 INFO matplotlib.category: Using categorical units to plot a list of strings that are all parsable as floats or dates. If these strings should be plotted as numbers, cast to the appropriate data type before plotting.
2025-10-26 22:26:33,044 INFO matplotlib.category: Using categorical units to plot a list of strings that are all parsable as floats or dates. If these strings should be plotted as numbers, cast to the appropriate data type before plotting.
2025-10-26 22:45:28,195 INFO workpay: App gestartet (v?)
2025-10-26 22:45:31,818 INFO matplotlib.category: Using categorical units to plot a list of strings that are all parsable as floats or dates. If these strings should be plotted as numbers, cast to the appropriate data type before plotting.
2025-10-26 22:45:31,819 INFO matplotlib.category: Using categorical units to plot a list of strings that are all parsable as floats or dates. If these strings should be plotted as numbers, cast to the appropriate data type before plotting.
2025-10-26 22:46:12,206 INFO matplotlib.category: Using categorical units to plot a list of strings that are all parsable as floats or dates. If these strings should be plotted as numbers, cast to the appropriate data type before plotting.
2025-10-26 22:46:12,206 INFO matplotlib.category: Using categorical units to plot a list of strings that are all parsable as floats or dates. If these strings should be plotted as numbers, cast to the appropriate data type before plotting.
2025-10-26 23:07:31,382 INFO workpay: App gestartet (v?)
2025-10-26 23:07:34,143 INFO matplotlib.category: Using categorical units to plot a list of strings that are all parsable as floats or dates. If these strings should be plotted as numbers, cast to the appropriate data type before plotting.
2025-10-26 23:07:34,143 INFO matplotlib.category: Using categorical units to plot a list of strings that are all parsable as floats or dates. If these strings should be plotted as numbers, cast to the appropriate data type before plotting.
2025-10-26 23:08:45,077 INFO workpay: App gestartet (v?)
2025-10-26 23:08:48,069 INFO matplotlib.category: Using categorical units to plot a list of strings that are all parsable as floats or dates. If these strings should be plotted as numbers, cast to the appropriate data type before plotting.
2025-10-26 23:08:48,070 INFO matplotlib.category: Using categorical units to plot a list of strings that are all parsable as floats or dates. If these strings should be plotted as numbers, cast to the appropriate data type before plotting.
2025-10-26 23:10:41,254 INFO workpay: App gestartet (v?)
2025-10-26 23:10:45,615 INFO matplotlib.category: Using categorical units to plot a list of strings that are all parsable as floats or dates. If these strings should be plotted as numbers, cast to the appropriate data type before plotting.
2025-10-26 23:10:45,616 INFO matplotlib.category: Using categorical units to plot a list of strings that are all parsable as floats or dates. If these strings should be plotted as numbers, cast to the appropriate data type before plotting.
2025-10-26 23:11:26,952 INFO workpay: App gestartet (v?)
2025-10-26 23:11:30,201 INFO matplotlib.category: Using categorical units to plot a list of strings that are all parsable as floats or dates. If these strings should be plotted as numbers, cast to the appropriate data type before plotting.
2025-10-26 23:11:30,201 INFO matplotlib.category: Using categorical units to plot a list of strings that are all parsable as floats or dates. If these strings should be plotted as numbers, cast to the appropriate data type before plotting.
2025-10-26 23:15:32,091 INFO workpay: App gestartet (v?)
2025-10-26 23:15:35,269 INFO matplotlib.category: Using categorical units to plot a list of strings that are all parsable as floats or dates. If these strings should be plotted as numbers, cast to the appropriate data type before plotting.
2025-10-26 23:15:35,269 INFO matplotlib.category: Using categorical units to plot a list of strings that are all parsable as floats or dates. If these strings should be plotted as numbers, cast to the appropriate data type before plotting.
2025-10-26 23:16:15,640 INFO matplotlib.category: Using categorical units to plot a list of strings that are all parsable as floats or dates. If these strings should be plotted as numbers, cast to the appropriate data type before plotting.
2025-10-26 23:16:15,640 INFO matplotlib.category: Using categorical units to plot a list of strings that are all parsable as floats or dates. If these strings should be plotted as numbers, cast to the appropriate data type before plotting.
2025-10-26 23:20:14,994 INFO workpay: App gestartet (v?)
2025-10-26 23:20:18,000 INFO matplotlib.category: Using categorical units to plot a list of strings that are all parsable as floats or dates. If these strings should be plotted as numbers, cast to the appropriate data type before plotting.
2025-10-26 23:20:18,000 INFO matplotlib.category: Using categorical units to plot a list of strings that are all parsable as floats or dates. If these strings should be plotted as numbers, cast to the appropriate data type before plotting.
2025-10-26 23:20:55,025 INFO workpay: App gestartet (v?)
2025-10-26 23:20:58,332 INFO matplotlib.category: Using categorical units to plot a list of strings that are all parsable as floats or dates. If these strings should be plotted as numbers, cast to the appropriate data type before plotting.
2025-10-26 23:20:58,332 INFO matplotlib.category: Using categorical units to plot a list of strings that are all parsable as floats or dates. If these strings should be plotted as numbers, cast to the appropriate data type before plotting.
2025-10-26 23:23:14,641 INFO workpay: App gestartet (v?)
2025-10-26 23:23:17,837 INFO matplotlib.category: Using categorical units to plot a list of strings that are all parsable as floats or dates. If these strings should be plotted as numbers, cast to the appropriate data type before plotting.
2025-10-26 23:23:17,838 INFO matplotlib.category: Using categorical units to plot a list of strings that are all parsable as floats or dates. If these strings should be plotted as numbers, cast to the appropriate data type before plotting.
2025-10-26 23:23:46,481 INFO workpay: App gestartet (v?)
2025-10-26 23:23:49,334 INFO matplotlib.category: Using categorical units to plot a list of strings that are all parsable as floats or dates. If these strings should be plotted as numbers, cast to the appropriate data type before plotting.
2025-10-26 23:23:49,335 INFO matplotlib.category: Using categorical units to plot a list of strings that are all parsable as floats or dates. If these strings should be plotted as numbers, cast to the appropriate data type before plotting.
2025-10-26 23:40:11,807 INFO workpay: App gestartet (v?)
2025-10-26 23:40:37,283 INFO workpay: App gestartet (v?)
2025-10-26 23:41:22,862 INFO workpay: App gestartet (v?)
2025-10-26 23:41:53,000 INFO workpay: App gestartet (v?)
2025-10-26 23:41:56,016 INFO matplotlib.category: Using categorical units to plot a list of strings that are all parsable as floats or dates. If these strings should be plotted as numbers, cast to the appropriate data type before plotting.
2025-10-26 23:41:56,016 INFO matplotlib.category: Using categorical units to plot a list of strings that are all parsable as floats or dates. If these strings should be plotted as numbers, cast to the appropriate data type before plotting.
2025-10-26 23:42:00,713 INFO matplotlib.category: Using categorical units to plot a list of strings that are all parsable as floats or dates. If these strings should be plotted as numbers, cast to the appropriate data type before plotting.
2025-10-26 23:42:00,713 INFO matplotlib.category: Using categorical units to plot a list of strings that are all parsable as floats or dates. If these strings should be plotted as numbers, cast to the appropriate data type before plotting.
2025-10-26 23:43:19,073 INFO workpay: App gestartet (v?)
2025-10-26 23:43:22,035 INFO matplotlib.category: Using categorical units to plot a list of strings that are all parsable as floats or dates. If these strings should be plotted as numbers, cast to the appropriate data type before plotting.
2025-10-26 23:43:22,035 INFO matplotlib.category: Using categorical units to plot a list of strings that are all parsable as floats or dates. If these strings should be plotted as numbers, cast to the appropriate data type before plotting.
2025-10-27 00:09:12,919 INFO workpay: App gestartet (v?)
2025-10-27 00:09:16,116 INFO matplotlib.category: Using categorical units to plot a list of strings that are all parsable as floats or dates. If these strings should be plotted as numbers, cast to the appropriate data type before plotting.
2025-10-27 00:09:16,117 INFO matplotlib.category: Using categorical units to plot a list of strings that are all parsable as floats or dates. If these strings should be plotted as numbers, cast to the appropriate data type before plotting.
2025-10-27 00:12:56,674 INFO matplotlib.category: Using categorical units to plot a list of strings that are all parsable as floats or dates. If these strings should be plotted as numbers, cast to the appropriate data type before plotting.
2025-10-27 00:12:56,674 INFO matplotlib.category: Using categorical units to plot a list of strings that are all parsable as floats or dates. If these strings should be plotted as numbers, cast to the appropriate data type before plotting.
2025-10-27 00:13:01,313 INFO matplotlib.category: Using categorical units to plot a list of strings that are all parsable as floats or dates. If these strings should be plotted as numbers, cast to the appropriate data type before plotting.
2025-10-27 00:13:01,313 INFO matplotlib.category: Using categorical units to plot a list of strings that are all parsable as floats or dates. If these strings should be plotted as numbers, cast to the appropriate data type before plotting.
2025-10-27 00:13:23,424 INFO matplotlib.category: Using categorical units to plot a list of strings that are all parsable as floats or dates. If these strings should be plotted as numbers, cast to the appropriate data type before plotting.
2025-10-27 00:13:23,424 INFO matplotlib.category: Using categorical units to plot a list of strings that are all parsable as floats or dates. If these strings should be plotted as numbers, cast to the appropriate data type before plotting.
2025-10-27 00:13:23,493 INFO matplotlib.category: Using categorical units to plot a list of strings that are all parsable as floats or dates. If these strings should be plotted as numbers, cast to the appropriate data type before plotting.
2025-10-27 00:13:23,494 INFO matplotlib.category: Using categorical units to plot a list of strings that are all parsable as floats or dates. If these strings should be plotted as numbers, cast to the appropriate data type before plotting.
2025-10-27 00:15:43,217 INFO workpay: App gestartet (v?)
2025-10-27 00:15:46,300 INFO matplotlib.category: Using categorical units to plot a list of strings that are all parsable as floats or dates. If these strings should be plotted as numbers, cast to the appropriate data type before plotting.
2025-10-27 00:15:46,301 INFO matplotlib.category: Using categorical units to plot a list of strings that are all parsable as floats or dates. If these strings should be plotted as numbers, cast to the appropriate data type before plotting.
2025-10-27 00:17:08,617 INFO workpay: App gestartet (v?)
2025-10-27 00:17:13,479 INFO matplotlib.category: Using categorical units to plot a list of strings that are all parsable as floats or dates. If these strings should be plotted as numbers, cast to the appropriate data type before plotting.
2025-10-27 00:17:13,479 INFO matplotlib.category: Using categorical units to plot a list of strings that are all parsable as floats or dates. If these strings should be plotted as numbers, cast to the appropriate data type before plotting.
2025-10-27 00:18:19,810 INFO workpay: App gestartet (v?)
2025-10-27 00:18:22,871 INFO matplotlib.category: Using categorical units to plot a list of strings that are all parsable as floats or dates. If these strings should be plotted as numbers, cast to the appropriate data type before plotting.
2025-10-27 00:18:22,872 INFO matplotlib.category: Using categorical units to plot a list of strings that are all parsable as floats or dates. If these strings should be plotted as numbers, cast to the appropriate data type before plotting.
2025-10-27 00:19:34,043 INFO workpay: App gestartet (v?)
2025-10-27 07:29:56,235 INFO workpay: App gestartet (v?)
2025-10-27 07:30:01,617 INFO matplotlib.category: Using categorical units to plot a list of strings that are all parsable as floats or dates. If these strings should be plotted as numbers, cast to the appropriate data type before plotting.
2025-10-27 07:30:01,618 INFO matplotlib.category: Using categorical units to plot a list of strings that are all parsable as floats or dates. If these strings should be plotted as numbers, cast to the appropriate data type before plotting.
2025-10-27 07:30:07,323 INFO matplotlib.category: Using categorical units to plot a list of strings that are all parsable as floats or dates. If these strings should be plotted as numbers, cast to the appropriate data type before plotting.
2025-10-27 07:30:07,324 INFO matplotlib.category: Using categorical units to plot a list of strings that are all parsable as floats or dates. If these strings should be plotted as numbers, cast to the appropriate data type before plotting.
2025-10-27 07:30:49,979 INFO workpay.user.1: {"action": "payroll.export_pdf", "meta": {"user_id": 1, "file": "E:/9.0.0.0 PROJEKTE/0. DEV - PYTHON/PycharmProjects/x WorkPay - P1Nky$ W0rk & P@y/Abrechnung_Gasic-Simo_erstellt-am-2025-10-27_von_2025-10-01_bis_2025-10-31.pdf"}}
2025-10-27 07:31:33,968 INFO workpay.user.1: {"action": "absence.decide", "meta": {"request_id": 1, "approve": true}}
2025-10-27 07:36:11,250 INFO workpay: App gestartet (v?)
2025-10-27 07:36:15,742 INFO matplotlib.category: Using categorical units to plot a list of strings that are all parsable as floats or dates. If these strings should be plotted as numbers, cast to the appropriate data type before plotting.
2025-10-27 07:36:15,742 INFO matplotlib.category: Using categorical units to plot a list of strings that are all parsable as floats or dates. If these strings should be plotted as numbers, cast to the appropriate data type before plotting.
2025-10-27 07:36:50,929 INFO matplotlib.category: Using categorical units to plot a list of strings that are all parsable as floats or dates. If these strings should be plotted as numbers, cast to the appropriate data type before plotting.
2025-10-27 07:36:50,929 INFO matplotlib.category: Using categorical units to plot a list of strings that are all parsable as floats or dates. If these strings should be plotted as numbers, cast to the appropriate data type before plotting.
2025-10-27 07:36:52,735 INFO matplotlib.category: Using categorical units to plot a list of strings that are all parsable as floats or dates. If these strings should be plotted as numbers, cast to the appropriate data type before plotting.
2025-10-27 07:36:52,736 INFO matplotlib.category: Using categorical units to plot a list of strings that are all parsable as floats or dates. If these strings should be plotted as numbers, cast to the appropriate data type before plotting.
2025-10-27 07:36:52,791 INFO matplotlib.category: Using categorical units to plot a list of strings that are all parsable as floats or dates. If these strings should be plotted as numbers, cast to the appropriate data type before plotting.
2025-10-27 07:36:52,791 INFO matplotlib.category: Using categorical units to plot a list of strings that are all parsable as floats or dates. If these strings should be plotted as numbers, cast to the appropriate data type before plotting.
2025-10-27 07:37:38,864 INFO workpay.user.1: {"action": "payroll.export_pdf", "meta": {"user_id": 1, "file": "E:/9.0.0.0 PROJEKTE/0. DEV - PYTHON/PycharmProjects/x WorkPay - P1Nky$ W0rk & P@y/Abrechnung_Gasic-Simo_erstellt-am-2025-10-27_von_2025-09-01_bis_2025-10-31.pdf"}}
2025-10-27 07:39:22,931 INFO workpay: App gestartet (v?)
2025-10-27 07:39:43,677 INFO matplotlib.category: Using categorical units to plot a list of strings that are all parsable as floats or dates. If these strings should be plotted as numbers, cast to the appropriate data type before plotting.
2025-10-27 07:39:43,678 INFO matplotlib.category: Using categorical units to plot a list of strings that are all parsable as floats or dates. If these strings should be plotted as numbers, cast to the appropriate data type before plotting.
2025-10-27 20:22:33,045 INFO workpay: App gestartet (v?)
2025-10-27 20:22:36,121 INFO matplotlib.category: Using categorical units to plot a list of strings that are all parsable as floats or dates. If these strings should be plotted as numbers, cast to the appropriate data type before plotting.
2025-10-27 20:22:36,121 INFO matplotlib.category: Using categorical units to plot a list of strings that are all parsable as floats or dates. If these strings should be plotted as numbers, cast to the appropriate data type before plotting.
2025-10-27 20:22:40,409 INFO matplotlib.category: Using categorical units to plot a list of strings that are all parsable as floats or dates. If these strings should be plotted as numbers, cast to the appropriate data type before plotting.
2025-10-27 20:22:40,410 INFO matplotlib.category: Using categorical units to plot a list of strings that are all parsable as floats or dates. If these strings should be plotted as numbers, cast to the appropriate data type before plotting.
2025-10-27 20:23:00,923 INFO matplotlib.category: Using categorical units to plot a list of strings that are all parsable as floats or dates. If these strings should be plotted as numbers, cast to the appropriate data type before plotting.
2025-10-27 20:23:00,924 INFO matplotlib.category: Using categorical units to plot a list of strings that are all parsable as floats or dates. If these strings should be plotted as numbers, cast to the appropriate data type before plotting.
2025-10-27 20:23:40,381 INFO matplotlib.category: Using categorical units to plot a list of strings that are all parsable as floats or dates. If these strings should be plotted as numbers, cast to the appropriate data type before plotting.
2025-10-27 20:23:40,381 INFO matplotlib.category: Using categorical units to plot a list of strings that are all parsable as floats or dates. If these strings should be plotted as numbers, cast to the appropriate data type before plotting.
2025-10-27 20:23:40,442 INFO matplotlib.category: Using categorical units to plot a list of strings that are all parsable as floats or dates. If these strings should be plotted as numbers, cast to the appropriate data type before plotting.
2025-10-27 20:23:40,443 INFO matplotlib.category: Using categorical units to plot a list of strings that are all parsable as floats or dates. If these strings should be plotted as numbers, cast to the appropriate data type before plotting.
2025-10-27 20:24:01,579 INFO matplotlib.category: Using categorical units to plot a list of strings that are all parsable as floats or dates. If these strings should be plotted as numbers, cast to the appropriate data type before plotting.
2025-10-27 20:24:01,588 INFO matplotlib.category: Using categorical units to plot a list of strings that are all parsable as floats or dates. If these strings should be plotted as numbers, cast to the appropriate data type before plotting.
2025-10-27 20:24:01,657 INFO matplotlib.category: Using categorical units to plot a list of strings that are all parsable as floats or dates. If these strings should be plotted as numbers, cast to the appropriate data type before plotting.
2025-10-27 20:24:01,657 INFO matplotlib.category: Using categorical units to plot a list of strings that are all parsable as floats or dates. If these strings should be plotted as numbers, cast to the appropriate data type before plotting.
2025-10-27 20:24:13,065 INFO matplotlib.category: Using categorical units to plot a list of strings that are all parsable as floats or dates. If these strings should be plotted as numbers, cast to the appropriate data type before plotting.
2025-10-27 20:24:13,069 INFO matplotlib.category: Using categorical units to plot a list of strings that are all parsable as floats or dates. If these strings should be plotted as numbers, cast to the appropriate data type before plotting.
2025-10-27 20:24:17,822 INFO matplotlib.category: Using categorical units to plot a list of strings that are all parsable as floats or dates. If these strings should be plotted as numbers, cast to the appropriate data type before plotting.
2025-10-27 20:24:17,824 INFO matplotlib.category: Using categorical units to plot a list of strings that are all parsable as floats or dates. If these strings should be plotted as numbers, cast to the appropriate data type before plotting.
2025-10-27 20:24:17,877 INFO matplotlib.category: Using categorical units to plot a list of strings that are all parsable as floats or dates. If these strings should be plotted as numbers, cast to the appropriate data type before plotting.
2025-10-27 20:24:17,879 INFO matplotlib.category: Using categorical units to plot a list of strings that are all parsable as floats or dates. If these strings should be plotted as numbers, cast to the appropriate data type before plotting.
2025-10-27 20:24:21,196 INFO matplotlib.category: Using categorical units to plot a list of strings that are all parsable as floats or dates. If these strings should be plotted as numbers, cast to the appropriate data type before plotting.
2025-10-27 20:24:21,196 INFO matplotlib.category: Using categorical units to plot a list of strings that are all parsable as floats or dates. If these strings should be plotted as numbers, cast to the appropriate data type before plotting.
2025-10-27 20:24:22,372 INFO matplotlib.category: Using categorical units to plot a list of strings that are all parsable as floats or dates. If these strings should be plotted as numbers, cast to the appropriate data type before plotting.
2025-10-27 20:24:22,372 INFO matplotlib.category: Using categorical units to plot a list of strings that are all parsable as floats or dates. If these strings should be plotted as numbers, cast to the appropriate data type before plotting.
2025-10-27 20:24:22,428 INFO matplotlib.category: Using categorical units to plot a list of strings that are all parsable as floats or dates. If these strings should be plotted as numbers, cast to the appropriate data type before plotting.
2025-10-27 20:24:22,428 INFO matplotlib.category: Using categorical units to plot a list of strings that are all parsable as floats or dates. If these strings should be plotted as numbers, cast to the appropriate data type before plotting.
2025-10-27 20:24:25,676 INFO matplotlib.category: Using categorical units to plot a list of strings that are all parsable as floats or dates. If these strings should be plotted as numbers, cast to the appropriate data type before plotting.
2025-10-27 20:24:25,676 INFO matplotlib.category: Using categorical units to plot a list of strings that are all parsable as floats or dates. If these strings should be plotted as numbers, cast to the appropriate data type before plotting.
2025-10-27 20:24:25,750 INFO matplotlib.category: Using categorical units to plot a list of strings that are all parsable as floats or dates. If these strings should be plotted as numbers, cast to the appropriate data type before plotting.
2025-10-27 20:24:25,750 INFO matplotlib.category: Using categorical units to plot a list of strings that are all parsable as floats or dates. If these strings should be plotted as numbers, cast to the appropriate data type before plotting.
2025-10-27 20:25:07,406 INFO matplotlib.category: Using categorical units to plot a list of strings that are all parsable as floats or dates. If these strings should be plotted as numbers, cast to the appropriate data type before plotting.
2025-10-27 20:25:07,406 INFO matplotlib.category: Using categorical units to plot a list of strings that are all parsable as floats or dates. If these strings should be plotted as numbers, cast to the appropriate data type before plotting.
2025-10-27 20:25:07,461 INFO matplotlib.category: Using categorical units to plot a list of strings that are all parsable as floats or dates. If these strings should be plotted as numbers, cast to the appropriate data type before plotting.
2025-10-27 20:25:07,461 INFO matplotlib.category: Using categorical units to plot a list of strings that are all parsable as floats or dates. If these strings should be plotted as numbers, cast to the appropriate data type before plotting.
2025-10-27 20:37:06,942 INFO matplotlib.category: Using categorical units to plot a list of strings that are all parsable as floats or dates. If these strings should be plotted as numbers, cast to the appropriate data type before plotting.
2025-10-27 20:37:06,942 INFO matplotlib.category: Using categorical units to plot a list of strings that are all parsable as floats or dates. If these strings should be plotted as numbers, cast to the appropriate data type before plotting.
2025-10-27 20:37:07,010 INFO matplotlib.category: Using categorical units to plot a list of strings that are all parsable as floats or dates. If these strings should be plotted as numbers, cast to the appropriate data type before plotting.
2025-10-27 20:37:07,012 INFO matplotlib.category: Using categorical units to plot a list of strings that are all parsable as floats or dates. If these strings should be plotted as numbers, cast to the appropriate data type before plotting.
2025-10-27 20:41:32,765 INFO workpay.user.1: {"action": "payroll.export_pdf", "meta": {"user_id": 1, "file": "E:/9.0.0.0 PROJEKTE/0. DEV - PYTHON/PycharmProjects/x WorkPay - P1Nky$ W0rk & P@y/Abrechnung_Gasic-Simo_erstellt-am-2025-10-27_von_2025-09-01_bis_2025-10-31.pdf"}}
2025-10-27 20:44:33,177 INFO workpay: App gestartet (v?)
2025-10-27 20:44:36,035 INFO matplotlib.category: Using categorical units to plot a list of strings that are all parsable as floats or dates. If these strings should be plotted as numbers, cast to the appropriate data type before plotting.
2025-10-27 20:44:36,035 INFO matplotlib.category: Using categorical units to plot a list of strings that are all parsable as floats or dates. If these strings should be plotted as numbers, cast to the appropriate data type before plotting.
2025-10-27 20:46:21,644 INFO workpay: App gestartet (v?)
2025-10-27 20:46:26,157 INFO matplotlib.category: Using categorical units to plot a list of strings that are all parsable as floats or dates. If these strings should be plotted as numbers, cast to the appropriate data type before plotting.
2025-10-27 20:46:26,157 INFO matplotlib.category: Using categorical units to plot a list of strings that are all parsable as floats or dates. If these strings should be plotted as numbers, cast to the appropriate data type before plotting.
2025-10-27 20:49:11,862 INFO workpay: App gestartet (v?)
2025-10-27 20:49:15,412 INFO matplotlib.category: Using categorical units to plot a list of strings that are all parsable as floats or dates. If these strings should be plotted as numbers, cast to the appropriate data type before plotting.
2025-10-27 20:49:15,413 INFO matplotlib.category: Using categorical units to plot a list of strings that are all parsable as floats or dates. If these strings should be plotted as numbers, cast to the appropriate data type before plotting.
2025-10-27 20:51:42,859 INFO workpay: App gestartet (v?)
2025-10-27 20:51:50,930 INFO matplotlib.category: Using categorical units to plot a list of strings that are all parsable as floats or dates. If these strings should be plotted as numbers, cast to the appropriate data type before plotting.
2025-10-27 20:51:50,930 INFO matplotlib.category: Using categorical units to plot a list of strings that are all parsable as floats or dates. If these strings should be plotted as numbers, cast to the appropriate data type before plotting.
2025-10-27 20:52:50,396 INFO workpay: App gestartet (v?)
2025-10-27 20:52:53,906 INFO matplotlib.category: Using categorical units to plot a list of strings that are all parsable as floats or dates. If these strings should be plotted as numbers, cast to the appropriate data type before plotting.
2025-10-27 20:52:53,906 INFO matplotlib.category: Using categorical units to plot a list of strings that are all parsable as floats or dates. If these strings should be plotted as numbers, cast to the appropriate data type before plotting.
2025-10-27 20:53:40,570 INFO workpay: App gestartet (v?)
2025-10-27 20:53:44,847 INFO matplotlib.category: Using categorical units to plot a list of strings that are all parsable as floats or dates. If these strings should be plotted as numbers, cast to the appropriate data type before plotting.
2025-10-27 20:53:44,847 INFO matplotlib.category: Using categorical units to plot a list of strings that are all parsable as floats or dates. If these strings should be plotted as numbers, cast to the appropriate data type before plotting.
2025-10-27 20:54:36,564 INFO matplotlib.category: Using categorical units to plot a list of strings that are all parsable as floats or dates. If these strings should be plotted as numbers, cast to the appropriate data type before plotting.
2025-10-27 20:54:36,564 INFO matplotlib.category: Using categorical units to plot a list of strings that are all parsable as floats or dates. If these strings should be plotted as numbers, cast to the appropriate data type before plotting.
2025-10-27 21:10:36,155 INFO workpay: App gestartet (v?)
2025-10-27 21:10:39,447 INFO matplotlib.category: Using categorical units to plot a list of strings that are all parsable as floats or dates. If these strings should be plotted as numbers, cast to the appropriate data type before plotting.
2025-10-27 21:10:39,447 INFO matplotlib.category: Using categorical units to plot a list of strings that are all parsable as floats or dates. If these strings should be plotted as numbers, cast to the appropriate data type before plotting.
2025-10-27 21:11:16,647 INFO matplotlib.category: Using categorical units to plot a list of strings that are all parsable as floats or dates. If these strings should be plotted as numbers, cast to the appropriate data type before plotting.
2025-10-27 21:11:16,647 INFO matplotlib.category: Using categorical units to plot a list of strings that are all parsable as floats or dates. If these strings should be plotted as numbers, cast to the appropriate data type before plotting.
2025-10-27 21:11:23,105 INFO matplotlib.category: Using categorical units to plot a list of strings that are all parsable as floats or dates. If these strings should be plotted as numbers, cast to the appropriate data type before plotting.
2025-10-27 21:11:23,105 INFO matplotlib.category: Using categorical units to plot a list of strings that are all parsable as floats or dates. If these strings should be plotted as numbers, cast to the appropriate data type before plotting.
2025-10-27 21:11:23,170 INFO matplotlib.category: Using categorical units to plot a list of strings that are all parsable as floats or dates. If these strings should be plotted as numbers, cast to the appropriate data type before plotting.
2025-10-27 21:11:23,171 INFO matplotlib.category: Using categorical units to plot a list of strings that are all parsable as floats or dates. If these strings should be plotted as numbers, cast to the appropriate data type before plotting.
2025-10-27 21:11:24,578 INFO matplotlib.category: Using categorical units to plot a list of strings that are all parsable as floats or dates. If these strings should be plotted as numbers, cast to the appropriate data type before plotting.
2025-10-27 21:11:24,578 INFO matplotlib.category: Using categorical units to plot a list of strings that are all parsable as floats or dates. If these strings should be plotted as numbers, cast to the appropriate data type before plotting.
2025-10-27 21:11:24,631 INFO matplotlib.category: Using categorical units to plot a list of strings that are all parsable as floats or dates. If these strings should be plotted as numbers, cast to the appropriate data type before plotting.
2025-10-27 21:11:24,631 INFO matplotlib.category: Using categorical units to plot a list of strings that are all parsable as floats or dates. If these strings should be plotted as numbers, cast to the appropriate data type before plotting.
2025-10-27 21:12:38,116 INFO workpay.user.1: {"action": "payroll.export_xlsx", "meta": {"user_id": 1, "file": "E:/9.0.0.0 PROJEKTE/0. DEV - PYTHON/PycharmProjects/x WorkPay - P1Nky$ W0rk & P@y/Abrechnung_Gasic-Simo_erstellt-am-2025-10-27_von_2025-09-01_bis_2025-10-31.xlsx"}}
2025-10-27 21:12:42,032 INFO workpay.user.1: {"action": "payroll.export_pdf", "meta": {"user_id": 1, "file": "E:/9.0.0.0 PROJEKTE/0. DEV - PYTHON/PycharmProjects/x WorkPay - P1Nky$ W0rk & P@y/Abrechnung_Gasic-Simo_erstellt-am-2025-10-27_von_2025-09-01_bis_2025-10-31.pdf"}}
2025-10-27 21:12:57,964 INFO matplotlib.category: Using categorical units to plot a list of strings that are all parsable as floats or dates. If these strings should be plotted as numbers, cast to the appropriate data type before plotting.
2025-10-27 21:12:57,964 INFO matplotlib.category: Using categorical units to plot a list of strings that are all parsable as floats or dates. If these strings should be plotted as numbers, cast to the appropriate data type before plotting.
2025-10-27 21:12:58,025 INFO matplotlib.category: Using categorical units to plot a list of strings that are all parsable as floats or dates. If these strings should be plotted as numbers, cast to the appropriate data type before plotting.
2025-10-27 21:12:58,025 INFO matplotlib.category: Using categorical units to plot a list of strings that are all parsable as floats or dates. If these strings should be plotted as numbers, cast to the appropriate data type before plotting.
2025-10-27 21:12:58,178 INFO matplotlib.category: Using categorical units to plot a list of strings that are all parsable as floats or dates. If these strings should be plotted as numbers, cast to the appropriate data type before plotting.
2025-10-27 21:12:58,179 INFO matplotlib.category: Using categorical units to plot a list of strings that are all parsable as floats or dates. If these strings should be plotted as numbers, cast to the appropriate data type before plotting.
2025-10-27 21:12:58,227 INFO matplotlib.category: Using categorical units to plot a list of strings that are all parsable as floats or dates. If these strings should be plotted as numbers, cast to the appropriate data type before plotting.
2025-10-27 21:12:58,229 INFO matplotlib.category: Using categorical units to plot a list of strings that are all parsable as floats or dates. If these strings should be plotted as numbers, cast to the appropriate data type before plotting.
2025-10-27 21:13:01,784 INFO matplotlib.category: Using categorical units to plot a list of strings that are all parsable as floats or dates. If these strings should be plotted as numbers, cast to the appropriate data type before plotting.
2025-10-27 21:13:01,784 INFO matplotlib.category: Using categorical units to plot a list of strings that are all parsable as floats or dates. If these strings should be plotted as numbers, cast to the appropriate data type before plotting.
2025-10-27 21:13:01,835 INFO matplotlib.category: Using categorical units to plot a list of strings that are all parsable as floats or dates. If these strings should be plotted as numbers, cast to the appropriate data type before plotting.
2025-10-27 21:13:01,835 INFO matplotlib.category: Using categorical units to plot a list of strings that are all parsable as floats or dates. If these strings should be plotted as numbers, cast to the appropriate data type before plotting.
2025-10-27 21:13:02,727 INFO matplotlib.category: Using categorical units to plot a list of strings that are all parsable as floats or dates. If these strings should be plotted as numbers, cast to the appropriate data type before plotting.
2025-10-27 21:13:02,727 INFO matplotlib.category: Using categorical units to plot a list of strings that are all parsable as floats or dates. If these strings should be plotted as numbers, cast to the appropriate data type before plotting.
2025-10-27 21:13:02,790 INFO matplotlib.category: Using categorical units to plot a list of strings that are all parsable as floats or dates. If these strings should be plotted as numbers, cast to the appropriate data type before plotting.
2025-10-27 21:13:02,790 INFO matplotlib.category: Using categorical units to plot a list of strings that are all parsable as floats or dates. If these strings should be plotted as numbers, cast to the appropriate data type before plotting.
